Day,Exponential_Pred,Logistic_Pred,Richards_Pred,Gompertz_Pred,Simple Average_Pred
0.0,4409.176809848873,6612.947809492123,6410.14530893687,8083.419378414558,6378.922326673106
1.0,4437.661603886793,6629.994141282841,6427.430674278616,8087.342721686276,6395.607285283631
2.0,4466.225362226986,6647.114678501563,6444.790899494263,8091.321231706132,6412.363042982235
3.0,4494.868303770848,6664.309731630197,6462.22629629084,8095.355524638062,6429.189964082487
4.0,4523.590648026596,6681.579612338173,6479.737177562171,8099.446221232974,6446.088414789979
5.0,4552.39261511096,6698.9246334859945,6497.323857392394,8103.593946834207,6463.05876320589
6.0,4581.27442575087,6716.345109128764,6514.986651059484,8107.799331382657,6480.101379330445
7.0,4610.236301285145,6733.84135451974,6532.725875038761,8112.063009421553,6497.216635066299
8.0,4639.278463666188,6751.413686113856,6550.541847006425,8116.385620100876,6514.404904221836
9.0,4668.40113546169,6769.062421571289,6568.434885843071,8120.767807181437,6531.666562514371
10.0,4697.604539856336,6786.787879760973,6586.405311637209,8125.210219038595,6549.001987573279
11.0,4726.888900653511,6804.590380764168,6604.453445688796,8129.713508665618,6566.411558943024
12.0,4756.254442277018,6822.470245877983,6622.57961051275,8134.278333676686,6583.89565808611
13.0,4785.701389772802,6840.427797618932,6640.7841298424755,8138.905356309527,6601.454668385934
14.0,4815.229968810664,6858.463359726469,6659.067328633388,8143.595243427697,6619.088975149554
15.0,4844.8404056860045,6876.57725716654,6677.429533066434,8148.3486665224855,6636.7989656103655
16.0,4874.532927321544,6894.769816135115,6695.871070551624,8153.166301714454,6654.585028930684
17.0,4904.3077612690695,6913.041364061746,6714.392269731539,8158.048829754602,6672.447556204239
18.0,4934.16513571118,6931.3922296130895,6732.993460484868,8162.996936025164,6690.386940458575
19.0,4964.105279463031,6949.822742696471,6751.674973929916,8168.011310540022,6708.403576657361
20.0,4994.128421974091,6968.333234463409,6770.437142428136,8173.092647944745,6726.497861702595
21.0,5024.234793329891,6986.924037313166,6789.280299587645,8178.241647516246,6744.670194436737
22.0,5054.424624253804,7005.595484896281,6808.20478026674,8183.459013162057,6762.920975644721
23.0,5084.698146108797,7024.347912118119,6827.210920577421,8188.745453419219,6781.250608055889
24.0,5115.055590899216,7043.18165514239,6846.299057888904,8194.101681452787,6799.659496345824
25.0,5145.497191272564,7062.097051394711,6865.46953083114,8199.528415053936,6818.148047138087
26.0,5176.023180521267,7081.0944395661145,6884.72267929832,8205.026376637694,6836.716669005849
27.0,5206.633792584481,7100.174159616606,6904.0588444524055,8210.596293240269,6855.36577247344
28.0,5237.3292620498805,7119.336552778673,6923.478368726617,8216.238896515983,6874.095770017788
29.0,5268.109824155449,7138.581961560835,6942.981595828956,8221.95492273381,6892.907076069762
30.0,5298.975714791287,7157.9107297511555,6962.568870745714,8227.745112773522,6911.80010701542
31.0,5329.927170501421,7177.323202420782,6982.24053974496,8233.610212121428,6930.775281197148
32.0,5360.964428485614,7196.819725927453,7001.996950380068,8239.55097086571,6949.833018914711
33.0,5392.087726601184,7216.4006479190375,7021.838451493191,8245.568143691366,6968.973742426195
34.0,5423.297303364828,7236.066317337036,7041.765393218773,8251.662489874736,6988.197875948844
35.0,5454.593397954445,7255.8170844201095,7061.778126987039,8257.834773277631,7007.505845659806
36.0,5485.976250210971,7275.653300707582,7081.877005527487,8264.085762341047,7026.898079696772
37.0,5517.44610064023,7295.575319042965,7102.062382872375,8270.416230078474,7046.375008158511
38.0,5549.00319041475,7315.583493577441,7122.334614360207,8276.826954068798,7065.937063105299
39.0,5580.647761375642,7335.678179773393,7142.6940566392095,8283.31871644878,7085.584678559257
40.0,5612.380056034423,7355.859734407883,7163.14106767082,8289.892303905133,7105.318290504564
41.0,5644.200317574904,7376.128515576163,7183.676006733147,8296.548507666175,7125.138336887597
42.0,5676.108789855035,7396.484882695155,7204.299234424452,8303.288123493076,7145.045257616929
43.0,5708.105717408768,7416.929196506953,7225.0111126666125,8310.111951670677,7165.039494563252
44.0,5740.191345447959,7437.461819082292,7245.8120047085795,8317.020796997906,7185.121491559184
45.0,5772.365919864217,7458.083113824043,7266.702275129839,8324.015468777758,7205.291694398964
46.0,5804.629687230804,7478.793445470676,7287.682289843864,8331.096780806869,7225.550550838052
47.0,5836.982894804524,7499.593180099738,7308.752416101561,8338.265551364659,7245.89851059262
48.0,5869.425790527616,7520.482685131315,7329.913022494724,8345.522603202062,7266.336025338929
49.0,5901.958623029647,7541.4623293315,7351.164478959456,8352.868763529823,7286.863548712606
50.0,5934.581641629432,7562.532482815836,7372.507156779613,8360.304864006386,7307.481536307817
51.0,5967.2950963369285,7583.693517052784,7393.941428590231,8367.831740725345,7328.190445676322
52.0,6000.099237855172,7604.945804867147,7415.467668380943,8375.450234202472,7348.990736326434
53.0,6032.9943175821745,7626.289720443529,7437.086251499402,8383.161189362329,7369.882869721858
54.0,6065.980587612871,7647.725639329754,7458.797554654691,8390.96545552444,7390.867309280438
55.0,6099.05830074104,7669.253938440305,7480.601955920718,8398.863886389057,7411.944520372781
56.0,6132.227710461239,7690.8749960597315,7502.499834739627,8406.857340022472,7433.114970320767
57.0,6165.489070970761,7712.589191846079,7524.491571925177,8414.946678841921,7454.379128395985
58.0,6198.842637171568,7734.396906834284,7546.577549666139,8423.132769600064,7475.737465818014
59.0,6232.288664672248,7756.298523439586,7568.758151529668,8431.416483369012,7497.190455752628
60.0,6265.827409789986,7778.2944254609065,7591.033762464671,8439.798695523956,7518.73857330988
61.0,6299.459129552505,7800.3849980842615,7613.404768805174,8448.28028572635,7540.382295542073
62.0,6333.18408170006,7822.570627886108,7635.871558273682,8456.862137906666,7562.12210144163
63.0,6367.0025246873965,7844.851702836749,7658.434519984514,8465.545140246728,7583.958471938848
64.0,6400.91471768574,7867.2286123036665,7681.094044447165,8474.330185161612,7605.891889899545
65.0,6434.920920584772,7889.701747054908,7703.850523569621,8483.218169281117,7627.922840122605
66.0,6469.021393994642,7912.271499262408,7726.7043506616865,8492.209993430813,7650.051809337388
67.0,6503.216399247935,7934.938262505345,7749.655920438308,8501.30656261265,7672.279286201059
68.0,6537.506198401709,7957.70243177346,7772.705629022872,8510.508785985157,7694.605761295799
69.0,6571.891054239471,7980.5644034703955,7795.8538739505075,8519.817576843187,7717.03172712589
70.0,6606.371230273208,8003.524575416985,7819.101054171382,8529.233852597263,7739.557678114709
71.0,6640.946990745412,8026.583346854579,7842.447570053964,8538.758534752476,7762.184110601608
72.0,6675.618600631083,8049.741118448323,7865.893823388313,8548.392548886966,7784.911522838671
73.0,6710.386325639783,8072.9982922904555,7889.440217389325,8558.13682462997,7807.740414987384
74.0,6745.250432217658,8096.355271903569,7913.087156699989,8567.99229563945,7830.671289115166
75.0,6780.211187549486,8119.812462243887,7936.835047394636,8577.959899579297,7853.704649191826
76.0,6815.268859560722,8143.370269704507,7960.684296982152,8588.040578096105,7876.8410010858715
77.0,6850.423716919556,8167.029102118659,7984.635314409208,8598.235276795522,7900.080852560737
78.0,6885.676029038962,8190.789368762913,8008.688510063474,8608.544945218178,7923.424713270882
79.0,6921.026066078774,8214.651480360437,8032.844295776795,8618.9705368152,7946.873094757802
80.0,6956.474098947746,8238.615849084168,8057.103084828406,8629.513008923288,7970.426510445902
81.0,6992.020399305641,8262.682888560044,8081.465291948089,8640.173322739382,7994.08547563829
82.0,7027.665239565297,8286.853013870168,8105.9313333193295,8650.952443294911,8017.850507512427
83.0,7063.408892894732,8311.126641555997,8130.501626582491,8661.851339429617,8041.72212511571
84.0,7099.251633219218,8335.504189621499,8155.176590837929,8672.870983764962,8065.700849360902
85.0,7135.193735223399,8359.986077536309,8179.956646649129,8684.012352677128,8089.787203021491
86.0,7171.235474353384,8384.572726238854,8204.842216045825,8695.276426269578,8113.98171072691
87.0,7207.3771268188675,8409.264558139494,8229.833722527086,8706.664188345243,8138.284898957673
88.0,7243.618969595226,8434.061997123623,8254.931591064418,8718.176626378254,8162.69729604038
89.0,7279.961280425671,8458.965468554776,8280.136248104818,8729.814731485287,8187.219432142639
90.0,7316.404337823357,8483.975399277695,8305.448121573852,8741.579498396492,8211.851839267849
91.0,7352.9484210735145,8509.09221762143,8330.867640878701,8753.471925426016,8236.595051249915
92.0,7389.5938102355985,8534.31635340236,8356.395236911176,8765.493014442116,8261.449603747813
93.0,7426.340786145441,8559.648237927271,8382.031342050746,8777.643770836861,8286.41603424008
94.0,7463.189630417387,8585.088303996345,8407.776390167546,8789.925203495452,8311.494882019182
95.0,7500.140625446457,8610.636985906207,8433.630816625348,8802.3383247651,8336.686688185779
96.0,7537.194054410526,8636.294719452897,8459.59505828455,8814.884150423552,8361.991995642882
97.0,7574.350201272472,8662.06194193487,8485.669553505122,8827.563699647179,8387.41134908991
98.0,7611.609350782367,8687.939092155939,8511.854742149548,8840.37799497869,8412.945295016636
99.0,7648.971788479656,8713.92661042825,8538.15106558575,8853.328062294433,8438.594381697021
100.0,7686.437800695338,8740.024938575194,8564.558966689996,8866.414930771327,8464.359159182965
101.0,7724.007674554175,8766.234519934338,8591.078889849796,8879.639632853376,8490.240179297922
102.0,7761.681697976876,8792.555799360307,8617.711280966772,8893.00320421781,8516.237995630443
103.0,7799.460159682319,8818.989223227692,8644.456587459516,8906.506683740841,8542.35316352759
104.0,7837.343349189744,8845.535239433884,8671.315258266422,8920.151113463024,8568.586240088269
105.0,7875.3315568209955,8872.194297401955,8698.287743848523,8933.937538554235,8594.937784156427
106.0,7913.42507370273,8898.96684808344,8725.374496192277,8947.867007278284,8621.408356314183
107.0,7951.624191768654,8925.853343961211,8752.575968812376,8961.940570957127,8647.998518874841
108.0,7989.929203761761,8952.854239052198,8779.892616754481,8976.159283934725,8674.70883587579
109.0,8028.340403236568,8979.969988910227,8807.324896597998,8990.524203540506,8701.539873071324
110.0,8066.858084561375,9007.201050628722,8834.873266458786,9005.036390052483,8728.492197925341
111.0,8105.482542920526,9034.547882843473,8862.538185991873,9019.696906659972,8755.56637960396
112.0,8144.214074316641,9062.01094573533,8890.320116394158,9034.50681942597,8782.762988968025
113.0,8183.052975572925,9089.59070103291,8918.219520407054,9049.467197249156,8810.082598565512
114.0,8221.999544335416,9117.28761201526,8946.236862319152,9064.579111825537,8837.525782623841
115.0,8261.054079075271,9145.102143514518,8974.372607968848,9079.84363760973,8865.093117042092
116.0,8300.216879091062,9173.034761918538,9002.627224746942,9095.26185177589,8892.785179383107
117.0,8339.488244511056,9201.085935173502,9031.001181599226,9110.834834178282,8920.602548865516
118.0,8378.868476295524,9229.256132786513,9059.494949029055,9126.563667311522,8948.545806355653
119.0,8418.357876239057,9257.545825828158,9088.108999099868,9142.44943627044,8976.615534359382
120.0,8457.956746972846,9285.95548693504,9116.843805437726,9158.49322870962,9004.812317013808
121.0,8497.66539196705,9314.485590312324,9145.699843233799,9174.696134802583,9033.136740078939
122.0,8537.484115533072,9343.13661173621,9174.677589246832,9191.05924720066,9061.589390929194
123.0,8577.413222825922,9371.90902855643,9203.77752180561,9207.583660991491,9090.170858544863
124.0,8617.45301984655,9400.803319698676,9233.000120811368,9224.27047365722,9118.881733503455
125.0,8657.603813444191,9429.819965667048,9262.345867740201,9241.12078503234,9147.722607970945
126.0,8697.865911318702,9458.959448546433,9291.815245645439,9258.135697261241,9176.694075692954
127.0,8738.239622022938,9488.222252004914,9321.408739159986,9275.316314755402,9205.79673198581
128.0,8778.725254965117,9517.608861296094,9351.126834498682,9292.663744150275,9235.031173727542
129.0,8819.32312041118,9547.119763261435,9380.970019460558,9310.179094261863,9264.39799934876
130.0,8860.033529487173,9576.755446332558,9410.938783431146,9327.863476042972,9293.897808823462
131.0,8900.856794181633,9606.516400533523,9441.033617384715,9345.718002539155,9323.531203659757
132.0,8941.793227347971,9636.403117483065,9471.255013886499,9363.743788844355,9353.298786890471
133.0,8982.843142706897,9666.416090396837,9501.603467094883,9381.941952056237,9383.201163063713
134.0,9024.00685484878,9696.55581408957,9532.079472763586,9400.313611231222,9413.23893823329
135.0,9065.284679236094,9726.822784977288,9562.683528243791,9418.859887339235,9443.412719949101
136.0,9106.676932205828,9757.217501079396,9593.416132486263,9437.581903218139,9473.723117247408
137.0,9148.183930971896,9787.740462020833,9624.277786043433,9456.480783527904,9504.170740641017
138.0,9189.805993627586,9818.392169034123,9655.268991071449,9475.557654704466,9534.756202109405
139.0,9231.543439147994,9849.17312496145,9686.390251332223,9494.813644913327,9565.480115088747
140.0,9273.39658739245,9880.083834256664,9717.6420721954,9514.249884002855,9596.343094461843
141.0,9315.365759107004,9911.124802987291,9749.024960640341,9533.867503457335,9627.345756547993
142.0,9357.451275926847,9942.296538836483,9780.539425258068,9553.667636349714,9658.488719092777
143.0,9399.653460378799,9973.599551104959,9812.185976253148,9573.65141729411,9689.772601257753
144.0,9441.97263588378,10005.034350712893,9843.9651254456,9593.819982398052,9721.19802361008
145.0,9484.409126759274,10036.601450201815,9875.877386272708,9614.174469214437,9752.765608112059
146.0,9526.963258221836,10068.30136373641,9907.923273790859,9634.71601669326,9784.475978110591
147.0,9569.635356389557,10100.134607106356,9940.103304677301,9655.445765133085,9816.329758326574
148.0,9612.42574828459,10132.101697728078,9972.417997231914,9676.364856132244,9848.327574844207
149.0,9655.334761835638,10164.203154646502,10004.867871378905,9697.474432539833,9880.47005510022
150.0,9698.36272588048,10196.439498536753,10037.453448668508,9718.775638406434,9912.757827873043
151.0,9741.509970168485,10228.811251705836,10070.175252278616,9740.269618934612,9945.191523271887
152.0,9784.776825363122,10261.318938094268,10103.033807016398,9761.957520429189,9977.771772725744
153.0,9828.163623044537,10293.96308327769,10136.029639319886,9783.840490247278,10010.499208972347
154.0,9871.670695712044,10326.744214468425,10169.163277259508,9805.919676748095,10043.374466047018
155.0,9915.298376786715,10359.662860517037,10202.435250539611,9828.196229242552,10076.398179271479
156.0,9959.047000613908,10392.719551913791,10235.846090499916,9850.671297942643,10109.570985242564
157.0,10002.916902465837,10425.914820790158,10269.396330116964,9873.34603391061,10142.893521820892
158.0,10046.908418544157,10459.2492009202,10303.086504005518,9896.221589007888,10176.36642811944
159.0,10091.021885982504,10492.723227721994,10336.917148419912,9919.299115843878,10209.990344492071
160.0,10135.25764284912,10526.337438258948,10370.888801255402,9942.579767724508,10243.765912521994
161.0,10179.616028149412,10560.092371241148,10405.00200204942,9966.064698600574,10277.693775010139
162.0,10224.097381828582,10593.9885670266,10439.257291982842,9989.755063015937,10311.774575963489
163.0,10268.702044774192,10628.026567622492,10473.655213881193,10013.652016055494,10346.008960583342
164.0,10313.430358818805,10662.206916686362,10508.196312215825,10037.756713292987,10380.397575253493
165.0,10358.282666742602,10696.530159527287,10542.881133105022,10062.070310738636,10414.941067528387
166.0,10403.259312276,10730.996843106965,10577.710224315124,10086.593964786585,10449.64008612117
167.0,10448.360640102292,10765.607516040815,10612.684135261548,10111.328832162199,10484.495280891713
168.0,10493.586995860285,10800.362728598986,10647.803417009807,10136.276069869165,10519.507302834561
169.0,10538.93872614695,10835.263032707382,10683.068622276482,10161.436835136485,10554.676804066825
170.0,10584.416178520085,10870.30898194858,10718.480305430126,10186.812285365255,10590.004437816011
171.0,10630.019701500969,10905.501131562749,10754.039022492176,10212.403578075327,10625.490858407806
172.0,10675.74964457703,10940.840038448521,10789.745331137763,10238.211870851826,10661.136721253784
173.0,10721.606358204546,10976.3262611638,10825.599790696517,10264.238321291517,10696.942682839095
174.0,10767.590193811295,11011.960359926545,10861.602962153323,10290.484086949018,10732.909400710047
175.0,10813.701503799282,11047.7428966155,10897.755408149022,10316.950325282914,10769.03753346168
176.0,10859.940641547419,11083.674434770877,10934.05769298107,10343.638193601724,10805.327740725272
177.0,10906.307961414237,11119.755539595011,10970.510382604167,10370.548849009723,10841.780683155783
178.0,10952.803818740616,11155.986777952932,11007.114044630802,10397.683448352702,10878.397022419264
179.0,10999.428569852487,11192.368718372938,11043.869248331803,10425.043148163537,10915.177421180191
180.0,11046.182572063575,11228.90193104708,11080.776564636797,10452.629104607728,10952.122543088793
181.0,11093.06618367813,11265.58698783163,11117.836566134643,10480.442473428762,10989.23305276829
182.0,11140.079763993679,11302.424462247469,11155.04982707382,10508.484409893423,11026.509615802097
183.0,11187.22367330379,11339.414929480472,11192.416923362753,10536.756068736977,11063.952898720998
184.0,11234.498272900804,11376.558966381785,11229.93843257009,10565.258604108281,11101.563568990241
185.0,11281.903925078626,11413.857151468119,11267.614933924951,10593.993169514797,11139.342294996624
186.0,11329.4409931355,11451.310064921921,11305.447008317102,10622.960917767534,11177.289746035516
187.0,11377.10984137679,11488.91828859158,11343.435238297101,10652.163000925884,11215.406592297837
188.0,11424.910835117771,11526.682405991482,11381.58020807636,10681.60057024243,11253.69350485701
189.0,11472.84434068642,11564.603002302116,11419.882503527195,10711.274776107637,11292.151155655842
190.0,11520.910725426249,11602.680664370038,11458.3427121828,10741.186767994508,11330.780217493399
191.0,11569.110357699083,11640.915980707863,11496.961423237168,10771.337694403188,11369.581364011825
192.0,11617.443606887926,11679.30954149412,11535.739227544977,10801.728702805463,11408.555269683122
193.0,11665.91084339975,11717.861938573136,11574.676717621393,10832.360939589289,11447.702609795891
194.0,11714.512438668367,11756.573765454794,11613.774487641851,10863.235550003197,11487.024060442052
195.0,11763.248765157256,11795.445617314303,11653.033133441759,10894.353678100702,11526.520298503503
196.0,11812.120196362415,11834.478090991845,11692.453252516154,10925.71646668467,11566.19200163877
197.0,11861.12710681525,11873.671784992226,11732.035444019299,10957.325057251628,11606.0398482696
198.0,11910.26987208541,11913.027299484427,11771.780308764244,10989.180589936092,11646.064517567544
199.0,11959.548868783684,11952.545236301135,11811.688449222287,11021.284203454836,11686.266689440487
200.0,12008.964474564898,11992.226198938171,11851.76046952242,11053.637035051142,11726.647044519159
201.0,12058.517068130779,12032.070792553912,11891.996975450691,11086.240220439076,11767.206264143613
202.0,12108.207029232886,12072.079623968604,11932.398574449522,11119.094893747704,11807.945030349678
203.0,12158.034738675506,12112.25330166367,11972.965875616972,11152.20218746534,11848.864025855371
204.0,12208.000578318573,12152.592435780894,12013.699489705914,11185.563232383778,11889.96393404729
205.0,12258.10493108059,12193.097638121611,12054.60002912317,11219.179157542561,11931.245438966982
206.0,12308.34818094159,12233.769522145782,12095.668107928599,11253.051090173192,11972.70922529729
207.0,12358.730712946039,12274.608702971043,12136.904341834079,11287.180155643438,12014.355978348649
208.0,12409.252913205812,12315.615797371665,12178.309348202503,11321.56747740159,12056.186384045392
209.0,12459.91516890315,12356.791423777488,12219.883746046613,11356.214176920806,12098.201128912016
210.0,12510.717868293625,12398.136202272735,12261.628156027858,11391.121373643433,12140.400900059412
211.0,12561.661400709101,12439.650754594837,12303.543200455146,11426.290184925365,12182.786385171112
212.0,12612.746156560755,12481.335704133115,12345.629503283524,11461.721725980484,12225.35827248947
213.0,12663.972527342019,12523.19167592746,12387.887690112828,11497.4171098251,12268.117250801852
214.0,12715.340905631623,12565.219296666906,12430.31838818625,11533.377447222445,12311.064009426806
215.0,12766.851685096575,12607.41919468817,12472.922226388808,11569.603846627242,12354.199238200199
216.0,12818.505260495203,12649.791999974083,12515.699835245809,11606.097414130294,12397.523627461347
217.0,12870.302027680154,12692.338344152009,12558.651846921191,11642.85925340316,12441.03786803913
218.0,12922.24238360145,12735.058860492132,12601.778895215832,11679.890465642893,12484.742651238077
219.0,12974.326726309515,12777.95418390575,12645.081615565778,11717.192149516839,12528.638668824471
220.0,13026.555454958227,12821.024950943403,12688.560645040396,11754.765401107506,12572.726613012383
221.0,13078.928969807992,12864.271799793049,12732.216622340457,11792.611313857537,12617.007176449759
222.0,13131.447672228795,12907.695370278043,12776.050187796169,11830.730978514737,12661.481052204435
223.0,13184.111964703276,12951.296303855162,12820.061983365107,11869.125483077189,12706.148933750183
224.0,13236.92225082983,12995.075243612464,12864.252652630114,11907.795912738498,12751.011514952726
225.0,13289.87893532568,13039.032834267146,12908.62284079707,11946.743349833085,12796.069490055745
226.0,13342.98242403,13083.169722163268,12953.173194692647,11985.968873781605,12841.32355366688
227.0,13396.233123906997,13127.48655526947,12997.904362761954,12025.47356103647,12886.774400743721
228.0,13449.631443049064,13171.983983176531,13042.816995066129,12065.25848502748,12932.422726579802
229.0,13503.177790679882,13216.662657094956,13087.911743279825,12105.324716107563,12978.269226790557
230.0,13556.872577157555,13261.523229852373,13133.189260688681,12145.673321498643,13024.314597299313
231.0,13610.716213977783,13306.566355890967,13178.650202186629,12186.305365237604,13070.559534323247
232.0,13664.709113776982,13351.792691264734,13224.295224273208,12227.22190812244,13117.004734359341
233.0,13718.851690335465,13397.202893636748,13270.12498505075,12268.424007658445,13163.650894170352
234.0,13773.144358580608,13442.79762227627,13316.140144221503,12309.912718004636,13210.498710770753
235.0,13827.587534590028,13488.577538055852,13362.341363084688,12351.689089920255,13257.548881412706
236.0,13882.181635594789,13534.543303448288,13408.729304533448,12393.75417071141,13304.802103571983
237.0,13936.92707998256,13580.695582523565,13455.304633051734,12436.109004177917,13352.259074933943
238.0,13991.824287300868,13627.035040945644,13502.06801471112,12478.754630560234,13399.920493379464
239.0,14046.87367826028,13673.562345969245,13549.02011716751,12521.6920864866,13447.787056970908
240.0,14102.075674737636,13720.278166436481,13596.1616096578,12564.922404920293,13495.859463938054
241.0,14157.430699779296,13767.18317277347,13643.493162996412,12608.446615107081,13544.138412664064
242.0,14212.939177604363,13814.27803698679,13691.015449571774,12652.265742522846,13592.624601671443
243.0,14268.60153360794,13861.563432659945,13738.72914334272,12696.380808821337,13641.318729607985
244.0,14324.418194364393,13909.040034949638,13786.634919834783,12740.792831782172,13690.221495232747
245.0,14380.389587630627,13956.708520582062,13834.733456136419,12785.50282525894,13739.333597402012
246.0,14436.516142349348,14004.569567849021,13883.025430895143,12830.511799127547,13788.655735055265
247.0,14492.798288652353,14052.623856604014,13931.511524313564,12875.820759234737,13838.188607201168
248.0,14549.236457863844,14100.872068258224,13980.192418145365,12921.430707346783,13887.932912903554
249.0,14605.831082503715,14149.314885776395,14029.068795691135,12967.342641098407,13937.889351267415
250.0,14662.582596290871,14197.952993672652,14078.141341794191,13013.55755394187,13988.058621424896
251.0,14719.49143414656,14246.787078006198,14127.410742836255,13060.0764350963,14038.441422521328
252.0,14776.558032197689,14295.817826376962,14176.877686733038,13106.90026949719,14089.038453701218
253.0,14833.782827780185,14345.045927921099,14226.542862929773,13154.030037746139,14139.850414094299
254.0,14891.16625944234,14394.472073306475,14276.406962396615,13201.46671606079,14190.878002801554
255.0,14948.70876694817,14444.096954727967,14326.470677623976,13249.211276225016,14242.121918881283
256.0,15006.410791280778,14493.921265902762,14376.734702617772,13297.26468553927,14293.582861335144
257.0,15064.272774645746,14543.945702065483,14427.199732894522,13345.627906771231,14345.261529094245
258.0,15122.295160474518,14594.170959963289,14477.866465476427,13394.301898106642,14397.15862100522
259.0,15180.478393427802,14644.597737850807,14528.735598886296,13443.287613100383,14449.274835816323
260.0,15238.822919398976,14695.226735485052,14579.80783314242,13492.58600062779,14501.610872163561
261.0,15297.329185517498,14746.05865412016,14631.083869753293,13542.198004836224,14554.167428556793
262.0,15355.997640152342,14797.094196502112,14682.56441171232,13592.12456509686,14606.945203365907
263.0,15414.828732915437,14848.334066863277,14734.250163492325,13642.366615956747,14659.944894806948
264.0,15473.822914665092,14899.778970916926,14786.141831040031,13692.925087091113,14713.16720092829
265.0,15532.980637509481,14951.429615851594,14838.240121770436,13743.800903255926,14766.61281959686
266.0,15592.302354810086,15003.286710325381,14890.545744561045,13794.99498424069,14820.2824484843
267.0,15651.788521185175,15055.350964460116,14943.059409746058,13846.508244821565,14874.176785053227
268.0,15711.439592513296,15107.623089835453,14995.781829110398,13898.341594714684,14928.296526543458
269.0,15771.256025936746,15160.103799482835,15048.71371588368,13950.495938529759,14982.642369958256
270.0,15831.23827986512,15212.793807879381,15101.855784734063,14002.972175723988,15037.215012050638
271.0,15891.386813978781,15265.693830941635,15155.20875176199,14055.771200556232,15092.01514930966
272.0,15951.702089232393,15318.804586019261,15208.773334493839,14108.893902041396,15147.043477946721
273.0,16012.184567858458,15372.126791888568,15262.55025187544,14162.341163905214,15202.30069388192
274.0,16072.834713370878,15425.661168745992,15316.540224265527,14216.11386453922,15257.787492730404
275.0,16133.652990568466,15479.408438201417,15370.743973429046,14270.21287695604,15313.504569788744
276.0,16194.639865538538,15533.369323271438,15425.162222530362,14324.639068745015,15369.45262002134
277.0,16255.795805660477,15587.544548372456,15479.795696126388,14379.393302028016,15425.632338046833
278.0,16317.121279609317,15641.934839313737,15534.645120159566,14434.476433415693,15482.044418124578
279.0,16378.61675735933,15696.540923290282,15589.711221950749,14489.88931396389,15538.689554141063
280.0,16440.282710187636,15751.363528875665,15644.994730191984,14545.632789130454,15595.568439596434
281.0,16502.119610677797,15806.403386014672,15700.496374939166,14601.707698732322,15652.68176759099
282.0,16564.12793272346,15861.66122601593,15756.216887604603,14658.114876902906,15710.030230811724
283.0,16626.308151531968,15917.137781544314,15812.157000949454,14714.855152049793,15767.614521518883
284.0,16688.660743628032,15972.83378661334,15868.317449076016,14771.929346812776,15825.435331532542
285.0,16751.186186857347,16028.74997657736,15924.698967419987,14829.338278022173,15883.493352219217
286.0,16813.884960390278,16084.887088123709,15981.302292742517,14887.082756657515,15941.789274478506
287.0,16876.75754472553,16141.245859264674,16038.128163122212,14945.163587806492,16000.323788729727
288.0,16939.80442169381,16197.827029329419,16095.177317946975,15003.581570624254,16059.097584898616
289.0,17003.02607446155,16254.631338955702,16152.450497905756,15062.33749829308,16118.111352404023
290.0,17066.422987534603,16311.659530081566,16209.948444980173,15121.432157982297,16177.36578014466
291.0,17129.99564676191,16368.91234593683,16267.671902436023,15180.866330808603,16236.861556485841
292.0,17193.744539339303,16426.390531034536,16325.621614814654,15240.640791796683,16296.599369246294
293.0,17257.670153813175,16484.094831162183,16383.798327924234,15300.756309840166,16356.57990568494
294.0,17321.772980084254,16542.025993372958,16442.202788830906,15361.21364766296,16416.80385248777
295.0,17386.05350941134,16600.184765976715,16500.83574584978,15422.013561780866,16477.271895754675
296.0,17450.51223441509,16658.571898530943,16559.697948535842,15483.15680246361,16537.984720986373
297.0,17515.14964908178,16717.188141831528,16618.790147674736,15544.644113697152,16598.9430130713
298.0,17579.96624876709,16776.03424790345,16678.11309527338,15606.476233146393,16660.147456272578
299.0,17644.9625301999,16835.110969991314,16737.66754455054,15668.6538921182,16721.59873421499
300.0,17710.13899148611,16894.419062549765,16797.454249927167,15731.17781552484,16783.29752987197
301.0,17775.496132112443,16953.95928123379,16857.473967016696,15794.048721847688,16845.244525552655
302.0,17841.03445295027,17013.73238288889,16917.727452615192,15857.267323101358,16907.44040288893
303.0,17906.754456259474,17073.739125541095,16978.21546469133,15920.834324798176,16969.88584282252
304.0,17972.656645692256,17133.98026838689,17038.938762376325,15984.750425912987,17032.581525592115
305.0,18038.74152629704,17194.456571782965,17099.898105953635,16049.016318848395,17095.528130720508
306.0,18105.009604522318,17255.168797235907,17161.094256848603,16113.632689400281,17158.72633700178
307.0,18171.461388220527,17316.117707391662,17222.527977617956,16178.60021672376,17222.176822488476
308.0,18238.097386651963,17377.30406602496,17284.200031939145,16243.919573299463,17285.88026447888
309.0,18304.918110488667,17438.728638028515,17346.111184599577,16309.591424900218,17349.837339504244
310.0,18371.924071818336,17500.392189402206,17408.262201485704,16375.616430558104,17414.04872331609
311.0,18439.115784148267,17562.29548724198,17470.653849571972,16441.99524253185,17478.515090873516
312.0,18506.493762409264,17624.439299728772,17533.286896909645,16508.728506274638,17543.23711633058
313.0,18574.058522959614,17686.824396117143,17596.162112615482,16575.8168604023,17608.215473023636
314.0,18641.810583589024,17749.451546723914,17659.28026686028,16643.260936661834,17673.450833458766
315.0,18709.750463522592,17812.32152291654,17722.642130857315,16711.061359900377,17738.943869299204
316.0,18777.878683424795,17875.435097101457,17786.248476850546,16779.218748034516,17804.69525135283
317.0,18846.19576540347,17938.793042712197,17850.1000781028,16847.733712019966,17870.705649559608
318.0,18914.702233013817,18002.396134197435,17914.19770888374,16916.60685582171,17936.975732979176
319.0,18983.39861126242,18066.245147008834,17978.5421444577,16985.83877638444,18003.50616977835
320.0,19052.285426611248,18130.340857588802,18043.13416107143,17055.430063603453,18070.297627218733
321.0,19121.363206981718,18194.68404335806,18107.974535941616,17125.38130029588,18137.350771644316
322.0,19190.63248175873,18259.27548270311,18173.064047242322,17195.693062172366,18204.666268469133
323.0,19260.09378179472,18324.115954963527,18238.40347409226,17266.365917809115,18272.244782164908
324.0,19329.747639413716,18389.206240419124,18303.993596541935,17337.400428620283,18340.086976248764
325.0,19399.594588415446,18454.547120276944,18369.835195560598,17408.79714883088,18408.193513270966
326.0,19469.63516407941,18520.139376658168,18435.92905302314,17480.55662544995,18476.565054802668
327.0,19539.869903168987,18585.983792584775,18502.275951696723,17552.679398244225,18545.202261423678
328.0,19610.29934393555,18652.081151966195,18568.876675227362,17625.165999712146,18614.105792710314
329.0,19680.92402612258,18718.43223958564,18635.732008126306,17698.016955058287,18683.276307223205
330.0,19751.744490969828,18785.03784108646,18702.842735756298,17771.232782168205,18752.714462495198
331.0,19822.761281217423,18851.898742958216,18770.209644317663,17844.813991583622,18822.420915019233
332.0,19893.97494111007,18919.015732522683,18837.833520834243,17918.76108647813,18892.396320236283
333.0,19965.386016401215,18986.38959791964,18905.715153139212,17993.07456263317,18962.641332523308
334.0,20036.995054357198,19054.021128092587,18973.855329860697,18067.7549084145,19033.156605181244
335.0,20108.802603761476,19121.91111277422,19042.254840407273,18142.802604749042,19103.942790423003
336.0,20180.809214918812,19190.06034247183,19110.91447495332,18218.218125102125,19175.00053936152
337.0,20253.015439659514,19258.469608452462,19179.835024424166,18294.00193545517,19246.33050199783
338.0,20325.42183134364,19327.139702728047,19249.017280481126,18370.154494283735,19317.93332720914
339.0,20398.028944865244,19396.071418040206,19318.46203550638,18446.67625253601,19389.80966273696
340.0,20470.837336656652,19465.265547845098,19388.170082587687,18523.56765361168,19461.96015517528
341.0,20543.84756469268,19534.722886297903,19458.1422155029,18600.82913334125,19534.38544995868
342.0,20617.060188494965,19604.44422823732,19528.379228704434,18678.461119965737,19607.086191350616
343.0,20690.475769136207,19674.430369169793,19598.881917303435,18756.46403411679,19680.063022431557
344.0,20764.094869244494,19744.682105253676,19669.651077053884,18834.83828879722,19753.31658508732
345.0,20837.91805300761,19815.200233283096,19740.687504336533,18913.584289361916,19826.847519997285
346.0,20911.94588617734,19885.985550671838,19811.991996142613,18992.702433499246,19900.656466622757
347.0,20986.178936073844,19957.038855436884,19883.565350057495,19072.193111212775,19974.744063195252
348.0,21060.617771589972,20028.360946181943,19955.408364244064,19152.056704803457,20049.11094670486
349.0,21135.262963195626,20099.95262208071,20027.52183742601,19232.29358885224,20123.757752888647
350.0,21210.115082942153,20171.81468286005,20099.90656887094,19312.904130203045,20198.68511621905
351.0,21285.174704466706,20243.947928782916,20172.5633583733,19393.888687946197,20273.89366989228
352.0,21360.442402996658,20316.353160631203,20245.493006237186,19475.247613402244,20349.384045816823
353.0,21435.918755353996,20389.03117968837,20318.696313258904,19556.98125010623,20425.156874601875
354.0,21511.60433995975,20461.98278772193,20392.174080709454,19639.08993379229,20501.212785545853
355.0,21587.49973683842,20535.20878696574,20465.92711031678,19721.5739923788,20577.552406624935
356.0,21663.60552762243,20608.709980102176,20539.9562042479,19804.4337459538,20654.176364481576
357.0,21739.922295556575,20682.48717024408,20614.26216509082,19887.669506760918,20731.085284413097
358.0,21816.450625502504,20756.54116091659,20688.84579583634,19971.2815791857,20808.279790360284
359.0,21893.19110394319,20830.87275603874,20763.70789985961,20055.27025974231,20885.760504895963
360.0,21970.14431898742,20905.482759904975,20838.8492809016,20139.635837060658,20963.528049213663
361.0,22047.310860374313,20980.371977166404,20914.27074305033,20224.378591874007,21041.583043116265
362.0,22124.691319477864,21055.541212811964,20989.973090721964,20309.498797006905,21119.926105004673
363.0,22202.2862893114,21130.991272149317,21065.957128641763,20394.99671736353,21198.557851866502
364.0,22280.096364532208,21206.722960785708,21142.223661824748,20480.8726099166,21277.478899264817
365.0,22358.122141446063,21282.737084608496,21218.773495556346,20567.126723696434,21356.689861326835
366.0,22436.364218011768,21359.034449765626,21295.607435372738,20653.75929978068,21436.191350732704
367.0,22514.82319384578,21435.615862645885,21372.72628704109,20740.770571284294,21515.983978704266
368.0,22593.499670226774,21512.482129859003,21450.13085653961,20828.16076335001,21596.06835499385
369.0,22672.394250100264,21589.634058215488,21527.821950037396,20915.930093139163,21676.44508787308
370.0,22751.507538083246,21667.07245470646,21605.800373874128,21004.078769822976,21757.114784121703
371.0,22830.840140468776,21744.798126483125,21684.06693453961,21092.606994574242,21838.07804901644
372.0,22910.39266523067,21822.811880836212,21762.622438653067,21181.51496055939,21919.335486319836
373.0,22990.16572202815,21901.114525175108,21841.46769294232,21270.802852930974,22000.887698269136
374.0,23070.159922210467,21979.706867006957,21920.603504222796,21360.47084882062,22082.73528556521
375.0,23150.375878821684,22058.589713915426,22000.03067937626,21450.51911733228,22164.87884736141
376.0,23230.81420660527,22137.763873539443,22079.7500253295,21540.947819535984,22247.31898125255
377.0,23311.475522008892,22217.230153551594,22159.762349032724,21631.757108461956,22330.05628326379
378.0,23392.360443189096,22296.989361636537,22240.06845743784,21722.947129095162,22413.091347839658
379.0,23473.46959001604,22377.04230546899,22320.66915747654,21814.518018370218,22496.42476783295
380.0,23554.80358407829,22457.38979269182,22401.56525603816,21906.46990516674,22580.057134493753
381.0,23636.363048687508,22538.03263089365,22482.75755994743,21998.80291030512,22663.98903745843
382.0,23718.14860888332,22618.971627586572,22564.24687594198,22091.517146542625,22748.221064738624
383.0,23800.160891438034,22700.20759018344,22646.034010649684,22184.612718569988,22832.753802710286
384.0,23882.400524861463,22781.741325975134,22728.119770565863,22278.08972300833,22917.5878361027
385.0,23964.868139405782,22863.57364210755,22810.5049620302,22371.948248406537,23002.72374798752
386.0,24047.564367070274,22945.70534555849,22893.190391203578,22466.188375239,23088.162119767836
387.0,24130.489841606264,23028.137243114266,22976.176864044668,22560.810175903767,23173.90353116724
388.0,24213.645198521917,23110.87014134621,23059.465186286343,22655.81371472108,23259.948560218887
389.0,24297.03107508712,23193.90484658692,23143.05616341195,22751.19904793233,23346.29778325458
390.0,24380.6481103384,23277.242164906434,23226.950600631328,22846.966223699397,23432.95177489389
391.0,24464.496945083745,23360.882902088037,23311.149302856662,22943.115282104394,23519.91110803321
392.0,24548.57822190761,23444.827863604078,23395.653074678175,23039.64625514974,23607.1763538349
393.0,24632.89258517578,23529.077854591473,23480.46272033962,23136.55916675876,23694.748081716407
394.0,24717.4406810403,23613.633679827057,23565.57904371355,23233.854032776533,23782.62685933936
395.0,24802.22315744449,23698.496143702745,23651.00284827648,23331.530860971223,23870.813252598735
396.0,24887.240664127825,23783.666050200532,23736.73493708373,23429.589651035734,23959.307825611955
397.0,24972.493852630996,23869.14420286723,23822.77611274423,23528.030394589838,24048.111140708075
398.0,25057.98337630086,23954.93140478914,23909.127177395017,23626.85307518257,24137.223758416898
399.0,25143.709890295428,24041.028458566376,23995.788932675605,23726.057668295136,24226.64623745814
400.0,25229.674051588947,24127.436166287174,24082.76217970215,23825.644141344084,24316.37913473059
401.0,25315.87651897687,24214.155329501824,24170.047719041406,23925.612453684975,24406.423005301272
402.0,25402.31795308095,24301.186749196604,24257.64635068451,24025.962556616323,24496.778402394593
403.0,25488.999016354297,24388.531225767343,24345.55887402058,24126.694393383998,24587.445877381553
404.0,25575.92037308641,24476.18955899297,24433.7860878101,24227.80789918596,24678.425979768857
405.0,25663.08268940834,24564.16254800868,24522.328790158124,24329.303001177384,24769.71925718813
406.0,25750.486633297725,24652.45099127911,24611.187778487332,24431.17961847615,24861.32625538508
407.0,25838.132874583964,24741.055686571148,24700.363849510795,24533.437662168766,24953.247518208667
408.0,25926.022084953333,24829.97743092665,24789.85779920462,24636.077035316535,25045.483587600283
409.0,26014.154937954096,24919.217020634962,24879.6704227804,24739.097632962224,25138.035003582918
410.0,26102.53210900173,25008.77525120521,24969.802514657444,24842.499342137064,25230.90230425036
411.0,26191.154275384055,25098.652917338404,25060.254868434873,24946.282041868028,25324.08602575634
412.0,26280.022116266427,25188.8508128994,25151.028276863402,25050.445603185613,25417.58670230371
413.0,26369.13631269699,25279.369730888597,25242.123531817073,25154.9898891319,25511.40486613364
414.0,26458.497547611823,25370.210463413503,25333.541424264662,25259.914754769008,25605.54104751475
415.0,26548.10650584024,25461.373801660047,25425.282744241023,25365.220047187868,25699.99577473229
416.0,26637.963874109962,25552.860535863787,25517.34828081815,25470.905605517404,25794.769574077323
417.0,26728.07034105249,25644.67145528082,25609.738822076033,25576.971260934093,25889.86296983586
418.0,26818.42659720829,25736.80734815858,25702.455155073396,25683.416836671742,25985.276484278
419.0,26909.033335032087,25829.269001706394,25795.49806581819,25790.242148031826,26081.010637647123
420.0,26999.891248898246,25922.05720206591,25888.868339237888,25897.447002393998,26177.06594814901
421.0,27091.001035106012,26015.172734281194,25982.566759149602,26005.031199227033,26273.44293194096
422.0,27182.3633918849,26108.61638226884,26076.594108230045,26112.99453010013,26370.14210312098
423.0,27273.979019400016,26202.38892878768,26170.951167985204,26221.33677869455,26467.163973716863
424.0,27365.84861975743,26296.49115540846,26265.638718719892,26330.05772081551,26564.50905367532
425.0,27457.972897009582,26390.9238424832,26360.65753950709,26439.157124404603,26662.17785085112
426.0,27550.352557160622,26485.687769114484,26456.00840815708,26548.634749552333,26760.17087099613
427.0,27642.98830817188,26580.7837131244,26551.692101186443,26658.490348511245,26858.48861774849
428.0,27735.880859967263,26676.212451023486,26647.709393786747,26768.723665709153,26957.131592621663
429.0,27829.030924438674,26771.974757979282,26744.06105979317,26879.33443776282,27056.10029499349
430.0,27922.439215451523,26868.07140778486,26840.747871652817,26990.32239349201,27155.395222095303
431.0,28016.106448850158,26964.503172827004,26937.770600392938,27101.687253933775,27255.01686900097
432.0,28110.033342463335,27061.27082405435,27035.13001558892,27213.428732357108,27354.965728615927
433.0,28204.220616109786,27158.37513094522,27132.826885332015,27325.546534277943,27455.24229166624
434.0,28298.66899160365,27255.816861475338,27230.86197619701,27438.040357474496,27555.847046687624
435.0,28393.379192760076,27353.596782085275,27329.236053209577,27550.909892002866,27656.780480014448
436.0,28488.35194540074,27451.715657647786,27427.949879813525,27664.15482021297,27758.043075768757
437.0,28583.58797735939,27550.17425143491,27527.004217837763,27777.774816764904,27859.635315849242
438.0,28679.08801848747,27648.973325084895,27626.399827463232,27891.76954864543,27961.557679920257
439.0,28774.852800659653,27748.113638568895,27726.13746718939,28006.13867518493,28063.810645400717
440.0,28870.883057779516,27847.595950157563,27826.21789380081,28120.88184807467,28166.39468745314
441.0,28967.17952578512,27947.42101638733,27926.64186233332,28235.998711384236,28269.3102789725
442.0,29063.742942654644,28047.589592026612,28027.4101260401,28351.488901579494,28372.55789057521
443.0,29160.57404841209,28148.102430041763,28128.523436357595,28467.3520475406,28476.13799058801
444.0,29257.673585132892,28248.960281562824,28229.982542871126,28583.587770580572,28580.051045036853
445.0,29355.042296949643,28350.163895849153,28331.788193280416,28700.195684463943,28684.297517635787
446.0,29452.680930057802,28451.714020254825,28433.94113336489,28817.175395425867,28788.877869775846
447.0,29550.590232721384,28553.61140019379,28536.44210694879,28934.526502191475,28893.79256051386
448.0,29648.770955278713,28655.856779104957,28639.29185586609,29052.248595995497,28999.042046561313
449.0,29747.223850148162,28758.45089841701,28742.491119925216,29170.341260602196,29104.626782273146
450.0,29845.94967183393,28861.394497513065,28846.040636873637,29288.8040723256,29210.547219636555
451.0,29944.949176931827,28964.688313695115,28949.941142362186,29407.636600050064,29316.8038082598
452.0,30044.223124135053,29068.333082148325,29054.193369909244,29526.83840525097,29423.396995360898
453.0,30143.772274240036,29172.32953590514,29158.79805086472,29646.40904201591,29530.32722575645
454.0,30243.59739015223,29276.678405809173,29263.755914373873,29766.348057066058,29637.594941850333
455.0,30343.699236892004,29381.380420478927,29369.06768734093,29886.65498977771,29745.200583622394
456.0,30444.078581600486,29486.436306271367,29474.734094392465,30007.32937220437,29853.14458861717
457.0,30544.73619354541,29591.846787245253,29580.755857840715,30128.370729098817,29961.42739193255
458.0,30645.672844127075,29697.612585124327,29687.133697646626,30249.778577935627,30070.04942620841
459.0,30746.889306884194,29803.734419260327,29793.868331382695,30371.552428933937,30179.011121615287
460.0,30848.386357499854,29910.213006595768,29900.960474195726,30493.69178508042,30288.31290584294
461.0,30950.16477380749,30017.04906162661,30008.410838769327,30616.19614215263,30397.955204089012
462.0,31052.225335796764,30124.243296364708,30116.220135286225,30739.064988742455,30507.938439047535
463.0,31154.568825619637,30231.79642030008,30224.389071390484,30862.297806279945,30618.263030897535
464.0,31257.196027596277,30339.70914036302,30332.91835214942,30985.894069057456,30728.92939729154
465.0,31360.107728221134,30447.982160886022,30441.80868001545,31109.853244253827,30839.937953344106
466.0,31463.304716168946,30556.616183565537,30551.060754787708,31234.174791959053,30951.28911162031
467.0,31566.78778230076,30665.61190742351,30660.675273573477,31358.858165199075,31062.98328212421
468.0,31670.55771967004,30774.97002876884,30770.65293074949,31483.902809960888,31175.020872287314
469.0,31774.61532352869,30884.691241158558,30880.99441792301,31609.30816521775,31287.402286957004
470.0,31878.9613913332,30994.7762353589,30991.70042389275,31735.07366295489,31400.127928384936
471.0,31983.596722750735,31105.225699306182,31102.771634609668,31861.198728195173,31513.19819621544
472.0,32088.522119665227,31216.040318067535,31214.208733137493,31987.682779025272,31626.613487473882
473.0,32193.738386183606,31327.220773801426,31326.012399613173,32114.52522662185,31740.37419655501
474.0,32299.24632864187,31438.76774571804,31438.183311207104,32241.7254752781,31854.480715211277
475.0,32405.04675561133,31550.68191003948,31550.722142083207,32369.282922430542,31968.93343254114
476.0,32511.140477904795,31662.963939959838,31663.62956335883,32497.196958685916,32083.732734977344
477.0,32617.528308582725,31775.614505605023,31776.9062430645,32625.46696784847,32198.87900627518
478.0,32724.211062959563,31888.634273992524,31890.55284610346,32754.092326947284,32314.372627500707
479.0,32831.1895586099,32002.023908990937,32004.570034211127,32883.07240626405,32430.213977019004
480.0,32938.464615374774,32115.784071279326,32118.958465914307,33012.40656936083,32546.40343048231
481.0,33046.03705536798,32229.91541830651,32233.71879649028,33142.0941731082,32662.941360818244
482.0,33153.907702982295,32344.418604250095,32348.851677925755,33272.13456771355,32779.82813821792
483.0,33262.077384895885,32459.294279975373,32464.357758875583,33402.52709674959,32897.06413012411
484.0,33370.54693007856,32574.543092994114,32580.237684621425,33533.271097183024,33014.64970121928
485.0,33479.317169798196,32690.165687423127,32696.492097030146,33664.36589940362,33132.585213413775
486.0,33588.38893762706,32806.16270394273,32813.12163451214,33795.81082725318,33250.87102583378
487.0,33697.76306944819,32922.53477975504,32930.12693197949,33927.60519805501,33369.50749480943
488.0,33807.440403461864,33039.282548542105,33047.50862080389,34059.74832264338,33488.494973862806
489.0,33917.42178019195,33156.4066404239,33165.26732877454,34192.239505393314,33607.83381369592
490.0,34027.70804249239,33273.90768191616,33283.40368005587,34325.078044250506,33727.52436217873
491.0,34138.30003555367,33391.78629588809,33401.91829514493,34458.2632307614,33847.56696433702
492.0,34249.19860690922,33510.04310151992,33520.81179082897,34591.79435010356,33967.96196234042
493.0,34360.40460644203,33628.678714260306,33640.08478014255,34725.67068111621,34088.70969549027
494.0,34471.91888639107,33747.69374578357,33759.737872324695,34859.89149633079,34209.81050020753
495.0,34583.74230135782,33867.08880394686,33879.771672775874,34994.45606200196,34331.26471002063
496.0,34695.87570831292,33986.86449274713,34000.186783014775,35129.36363813863,34453.07265555336
497.0,34808.31996660258,34107.02141227796,34120.98380063501,35264.613478535066,34575.23466451265
498.0,34921.07593795533,34227.5601586863,34242.163319261694,35400.204830802475,34697.75106167645
499.0,35034.1444864885,34348.48132412902,34363.72592850779,35536.136936400464,34820.62216888144
500.0,35147.5264787149,34469.78549672939,34485.672213930426,35672.4090306688,34943.84830501088
501.0,35261.222783549456,34591.47326053334,34608.00275698704,35809.0203428594,35067.42978598231
502.0,35375.23427231585,34713.545195465726,34730.71813499137,35945.970096168305,35191.36692473531
503.0,35489.56181875322,34836.001877286304,34853.81892106937,36083.25750776801,35315.660031219224
504.0,35604.20629902285,34958.84387754571,34977.30568411492,36220.88178883983,35440.309412380826
505.0,35719.16859171485,35082.071763541295,35101.17898874552,36358.842144606446,35565.31537215203
506.0,35834.44957785497,35205.68609827274,35225.43939525778,36497.13777436467,35690.67821143754
507.0,35950.05014091123,35329.687440397676,35350.087459582755,36635.7678715183,35816.39822810249
508.0,36065.97116680083,35454.07634418717,35475.12373324132,36774.73162361111,35942.47571696011
509.0,36182.21354389685,35578.853359480956,35600.548763299244,36914.02821236006,36068.91096975928
510.0,36298.77816303505,35704.01903164278,35726.363092322244,37053.656813688576,36195.70427517217
511.0,36415.66591752078,35829.57390151544,35852.56725833095,37193.616597760054,36322.8559187818
512.0,36532.87770313571,35955.51850537577,35979.161794755666,37333.90672901142,36450.36618306964
513.0,36650.4144181448,36081.8533748896,36106.14723039112,37474.52636618688,36578.235347403104
514.0,36768.27696330315,36208.579037066535,36233.52408935106,37615.47466237181,36706.46368802314
515.0,36886.466241862836,36335.696014214576,36361.29289102272,37756.75076502672,36835.05147803172
516.0,37004.98315957995,36463.204823894775,36489.454150021265,37898.35381602148,36963.99898737937
517.0,37123.82862472144,36591.10597887572,36618.00837614402,38040.28295166945,37093.306482852655
518.0,37243.00354807214,36719.39998708789,36746.956074324735,38182.53730276201,37222.97422806169
519.0,37362.50884294174,36848.08735157796,36876.29774458764,38325.115994602995,37353.00248342758
520.0,37482.34542517168,36977.16857046305,37006.03388200147,38468.01814704336,37483.39150616989
521.0,37602.51421314238,37106.64413688479,37136.1649766334,38611.242874515956,37614.14155029413
522.0,37723.016127780036,37236.514538963376,37266.691513502854,38754.78928607036,37745.252866579154
523.0,37843.85209256387,37366.78025975151,37397.61397253521,38898.656485407875,37876.72570256462
524.0,37965.02303353313,37497.44177718829,37528.93282851558,39042.843570916666,38008.56030253842
525.0,38086.52987929414,37628.499564052916,37660.64855104226,39187.34963570692,38140.75690752406
526.0,38208.37356102751,37759.954087918515,37792.761604480285,39332.17376764622,38273.31575526814
527.0,38330.55501249521,37891.80581110567,37925.2724479149,39477.31504939489,38406.23708022767
528.0,38453.075170047756,38024.055190636005,38058.18153510481,39622.7725584416,38539.521113557545
529.0,38575.934972631374,38156.70267818575,38191.489314435574,39768.5453671389,38673.1680830979
530.0,38699.13536179517,38289.74872003905,38325.196228872715,39914.632542739,38807.17821336149
531.0,38822.67728169841,38423.193757041416,38459.30271591496,40061.033147429596,38941.5517255211
532.0,38946.56167911767,38557.03822455297,38593.80920754725,40207.74623836976,39076.28883739691
533.0,39070.789503454194,38691.28255240172,38728.71613019382,40354.770867725885,39211.389763443905
534.0,39195.361706741074,38825.92716483672,38864.023904671136,40502.10608270787,39346.8547147392
535.0,39320.27924365059,38960.97248048123,38999.732946140815,40649.75092560523,39482.683898969466
536.0,39445.54307150157,39096.41891228575,39135.84366406252,40797.70443382334,39618.87752041829
537.0,39571.15415026659,39232.26686748111,39272.356462146694,40945.96563991982,39755.43577995355
538.0,39697.1134425795,39368.51674753141,39409.271738307434,41094.53357164092,39892.35887501482
539.0,39823.421913742706,39505.168948087,39546.58988461511,41243.40725195803,40029.64699960071
540.0,39950.08053173454,39642.223858937374,39684.31128724916,41392.585699104246,40167.30034425633
541.0,40077.09026721676,39779.68186396405,39822.43632645063,41542.067926610966,40305.3190960606
542.0,40204.45209354196,39917.54334109339,39960.96537647486,41691.852943344675,40443.703438613724
543.0,40332.16698676098,40055.808662249445,40099.898805544035,41841.93975354365,40582.453552024526
544.0,40460.235925630455,40194.47819330669,40239.23697579976,41992.32735685485,40721.56961289793
545.0,40588.65989162028,40333.55229404285,40378.980243255566,42143.014748370806,40861.051794322375
546.0,40717.43986892112,40473.03131809157,40519.12895774945,42294.00091866656,41000.90026585718
547.0,40846.57684445203,40612.91561289516,40659.68346289633,42445.28485383677,41141.115193520076
548.0,40976.07180786786,40753.20551965734,40800.64409604056,42596.865535532655,41281.696739774605
549.0,41105.92575156705,40893.90137329589,40942.01118820836,42748.74194099926,41422.64506351764
550.0,41236.139670699005,41035.003502395346,41083.78506406026,42900.913043112574,41563.9603200668
551.0,41366.71456317195,41176.51222915971,41225.96604184361,43053.377810416794,41705.64266114801
552.0,41497.6514296604,41318.4278693651,41368.55443334497,43206.13520716161,41847.69223488303
553.0,41628.95127361291,41460.75073231245,41511.550543842546,43359.18419333949,41990.10918577685
554.0,41760.615101259784,41603.481120780205,41654.95467205871,43512.523724723105,42132.89365470545
555.0,41892.64392162069,41746.619330977024,41798.7671101124,43666.15275290273,42276.04577890321
556.0,42025.03874651252,41890.16565249448,41942.988143471615,43820.07022532366,42419.56569195057
557.0,42157.800590557046,42034.12036825976,42087.6180509059,43974.27508532376,42563.453523761615
558.0,42290.93047118873,42178.4837544885,42232.65710443882,44128.76627217095,42707.70940057175
559.0,42424.42940866254,42323.256080637446,42378.10556930057,44283.54272110076,42852.33344492533
560.0,42558.29842606173,42468.43760935732,42523.963703880414,44438.603363353956,42997.325775663354
561.0,42692.53854930572,42614.028596445634,42670.231759679344,44593.94712621412,43142.6865079112
562.0,42827.150807157916,42760.029290799524,42816.90998126269,44749.57293304524,43288.41575306634
563.0,42962.13623123364,42906.439934368675,42963.99860621272,44905.47970332953,43434.51361878614
564.0,43097.495856008005,43053.26076210822,43111.49786508139,45061.66635270494,43580.98020897564
565.0,43233.230718823834,43200.49200193179,43259.407981343014,45218.13179300305,43727.815623775416
566.0,43369.34185989966,43348.13387466445,43407.7291713471,45374.87493228659,43875.01995954945
567.0,43505.830322337635,43496.18659399585,43556.46164427116,45531.89467488737,44022.59330887301
568.0,43642.69715213156,43644.65036643336,43705.60560207359,45689.1899214439,44170.5357605206
569.0,43779.943398174924,43793.5253912552,43855.161239446614,45846.75956893925,44318.847399453996
570.0,43917.57011226884,43942.81186046378,44005.128743769325,46004.60251073879,44467.528306810185
571.0,44055.57834913026,44092.50995873897,44155.50829506069,46162.71763662795,44616.57855988947
572.0,44193.96916639994,44242.61986339153,44306.30006593278,46321.10383285012,44765.9982321436
573.0,44332.74362465057,44393.141744316534,44457.50422154394,46479.75998214431,44915.78739316384
574.0,44471.902787394945,44544.075763947,44609.120919552035,46638.68496378304,45065.94610866925
575.0,44611.44772109403,44695.422077207455,44761.150310067984,46797.8776536101,45216.474440494894
576.0,44751.37949516525,44847.18083146767,44913.59253560905,46957.336924078365,45367.37244658009
577.0,44891.699181990596,44999.35216649647,45066.4477310525,47117.06164428762,45518.64018095679
578.0,45032.40785692486,45151.93621441567,45219.716023589244,47277.05068002227,45670.27769373801
579.0,45173.50659830389,45304.933099654016,45373.39753267753,47437.30289378921,45822.28503110616
580.0,45314.996487452845,45458.34293890136,45527.49236999686,47597.81714485554,45974.66223530165
581.0,45456.8786086945,45612.16584106283,45682.00063940193,47758.59228928636,46127.4093446114
582.0,45599.154049357545,45766.401907213156,45836.922436876644,47919.62717998247,46280.52639335745
583.0,45741.8238997849,45921.05123055112,45992.2578504884,48080.920666718164,46434.013411885644
584.0,45884.88925334209,46076.11389635414,46148.00696034227,48242.47159617894,46587.87042655436
585.0,46028.351206425614,46231.58998193286,46304.16983853552,48404.27881199917,46742.097459723285
586.0,46172.21085847138,46387.479556586106,46460.74654911216,48566.341154799775,46896.69452974235
587.0,46316.46931196308,46543.782681555684,46617.73714801755,48728.65746222594,47051.66165094056
588.0,46461.12767244067,46700.49940998156,46775.14168305331,48891.22656898465,47206.99883361505
589.0,46606.18704850884,46857.629786857,46932.960193832216,49054.04730688241,47362.706084020116
590.0,46751.64855184547,47015.17384898402,47091.19271173336,49217.11850486274,47518.7834043564
591.0,46897.513297210244,47173.13162492882,47249.83925985739,49380.43898904376,47675.230792760056
592.0,47043.78240245311,47331.50313497748,47408.89985298188,49544.007582755745,47832.048243292054
593.0,47190.456988522834,47490.28839109182,47568.37449751695,49707.82310657852,47989.23574592753
594.0,47337.538179475705,47649.487396865305,47728.263191460996,49871.88437837903,48146.79328654526
595.0,47485.027102483975,47809.100147479294,47888.56592435651,50036.19021334866,48304.72084691711
596.0,47632.92488784468,47969.12662965931,48049.28267724631,50200.73942404064,48463.01840469774
597.0,47781.23266898818,48129.56682163151,48210.41342262958,50365.53082040747,48621.685933414185
598.0,47929.95158248687,48290.42069307947,48371.95812441845,50530.563209838096,48780.72340245572
599.0,48079.08276806391,48451.68820510091,48533.916737894586,50695.835397195246,48940.13077706366
600.0,48228.627368601985,48613.369310164904,48696.28920966591,50861.34618485265,49099.90801832136
601.0,48378.586530151944,48775.46395206898,48859.07547762364,51027.09437273211,49260.055083144165
602.0,48528.961401941786,48937.972065896676,49022.27547089957,51193.078758340765,49420.5719242697
603.0,48679.753136385225,49100.89357797514,49185.889109823314,51359.29813680807,49581.45849024793
604.0,48830.96288909075,49264.22840583298,49349.916305880004,51525.75130092281,49742.71472543164
605.0,48982.59181887033,49427.97645815837,49514.35696166809,51692.437041170175,49904.34056996674
606.0,49134.64108774832,49592.137634757295,49679.21097085739,51859.354145768506,50066.335959782875
607.0,49287.11186097045,49756.71182651209,49844.478218147284,52026.50140070629,50228.70082658403
608.0,49440.00530701263,49921.69891534015,50010.15857922533,52193.877589778946,50391.43509783927
609.0,49593.32259759001,50087.0987741529,50176.251920725794,52361.4814946255,50554.538696773554
610.0,49747.06490766591,50252.91126681503,50342.75810018877,52529.31189476537,50718.01154235877
611.0,49901.23341546081,50419.13624810383,50509.676966019266,52697.3675676349,50881.8535493047
612.0,50055.82930246143,50585.77356366902,50677.00835744671,52865.64728862399,51046.06462805029
613.0,50210.85375342973,50752.82304999255,50844.752104484614,53034.149831112554,51210.644684754865
614.0,50366.30795641204,50920.28453434885,51012.90802789044,53202.87396650694,51375.59362128957
615.0,50522.19310274813,51088.15783476531,51181.47593912598,53371.818464276344,51540.91133522894
616.0,50678.51038708034,51256.44275998289,51350.455640317654,53540.9820919891,51706.5977198425
617.0,50835.26100736277,51425.139109417185,51519.84692421732,53710.36361534885,51872.652664086534
618.0,50992.44616487039,51594.24667311964,51689.64957416329,53879.96179823077,52039.07605259602
619.0,51150.067064208335,51763.765231739075,51859.86336404162,54049.77540271762,52205.86776567666
620.0,51308.12491332111,51933.69455648351,52030.488058247676,54219.80318913572,52373.027679297
621.0,51466.62092350176,52104.03440908227,52201.52341164798,54390.043916090974,52540.55566508074
622.0,51625.5563094013,52274.78454174834,52372.96916954242,54560.49634050463,52708.45159029917
623.0,51784.932289037875,52445.94469714109,52544.82506762665,54731.15921764912,52876.71531786368
624.0,51944.75008380623,52617.51460832925,52717.0908319549,54902.03130118375,53045.34670631853
625.0,52105.01091848699,52789.49399875422,52889.766178903,55073.111343190314,53214.345609833625
626.0,52265.716021256034,52961.88258219363,53062.850815131824,55244.39809420862,53383.71187819753
627.0,52426.86662369397,53134.68006272537,53236.34443755091,55415.89030327191,53553.445356810545
628.0,52588.463960795525,53307.8861346917,53410.24673328257,55587.58671794238,53723.54588667805
629.0,52750.50927097902,53481.500482663934,53584.557379626145,55759.48608434625,53894.01330440384
630.0,52913.003796095894,53655.52278140729,53759.27604402281,55931.58714720914,54064.84744218379
631.0,53075.948781440144,53829.95269584612,53934.40238402047,56103.88864989106,54236.048127799455
632.0,53239.34547575797,54004.78988102953,54109.93604723923,56276.38933442151,54407.61518461206
633.0,53403.195131257235,54180.0339820973,54285.87667133703,56449.087941534366,54579.54843155648
634.0,53567.49900361717,54355.68463424612,54462.22388397579,56621.983210702725,54751.84768313545
635.0,53732.25835199793,54531.74146269625,54638.97730278777,56795.07388017365,54924.512749413894
636.0,53897.474439050224,54708.204082658514,54816.13653534234,56968.35868700284,55097.54343601348
637.0,54063.14853092508,54885.07209930166,54993.701179113246,57141.83636708915,55270.939544107285
638.0,54229.28189728346,55062.34510772005,55171.670821445965,57315.50565520906,55444.700870414636
639.0,54395.87581130602,55240.02269290183,55350.045039525816,57489.3652850511,55618.827207196184
640.0,54562.93154970291,55418.104429697334,55528.823400346,57663.41398924995,55793.318342249055
641.0,54730.45039272348,55596.58988278798,55708.00546067651,57837.65049942083,55968.174058902194
642.0,54898.433624166144,55775.47860665554,55887.59076703305,58012.073546193365,56143.39413601202
643.0,55066.88253138822,55954.77014555178,56067.5788556465,58186.681859245626,56318.97834795804
644.0,55235.79840531576,56134.46403346851,56247.96925243287,58361.47416733804,56494.9264646388
645.0,55405.18254045349,56314.55979410801,56428.76147296347,58536.44919834706,56671.23825146801
646.0,55575.03623489467,56495.056940853916,56609.95502243566,58711.60567929878,56847.91346937076
647.0,55745.36079033113,56675.95497674247,56791.549395643866,58886.942336402615,57024.95187478002
648.0,55916.157512063124,56857.25339443425,56973.54407695121,59062.45789508467,57202.35321963331
649.0,56087.427709009455,57038.95167618625,57155.93854026136,59238.15108002101,57380.11725136952
650.0,56259.17269371745,57221.04929382441,57338.73224899096,59414.020615170935,57558.24371292594
651.0,56431.393782372994,57403.54570871665,57521.92465604236,59590.06522381015,57736.73234273554
652.0,56604.09229481068,57586.440371746205,57705.51520377703,59766.28362856359,57915.58287472438
653.0,56777.26955452385,57769.732723285546,57889.50332398905,59942.674551438526,58094.79503830924
654.0,56950.9268886748,57953.42219317063,58073.88843787941,60119.23671385711,58274.368558395494
655.0,57125.06562810496,58137.50820067567,58258.66995603057,60295.96883668926,58454.30315537511
656.0,57299.68710734497,58321.99015448838,58443.84727838149,60472.86964028503,58634.59854512497
657.0,57474.79266462508,58506.867452685576,58629.41979420316,60649.93784450714,58815.254439005235
658.0,57650.38364188531,58692.139482709346,58815.386882074665,60827.17216876326,58996.27054385815
659.0,57826.4613847857,58877.805621343665,59001.74790985957,61004.571332038155,59177.646562006776
660.0,58003.02724271675,59063.86523469146,59188.502234682914,61182.1340529259,59359.38219125426
661.0,58180.08256880959,59250.31767815217,59375.649202908615,61359.85904966166,59541.47712488301
662.0,58357.62871994649,59437.16229639979,59563.1881501174,61537.74504015371,59723.93105165435
663.0,58535.66705677124,59624.3984233614,59751.11840108525,61715.79074201505,59906.74365580824
664.0,58714.198943699485,59812.025382196196,59939.43926976224,61893.99487259497,60089.91461706322
665.0,58893.22574892928,60000.04248527503,60128.150059252,62072.35614901067,60273.44361061675
666.0,59072.74884445153,60188.44903416038,60317.25006179166,62250.87328817842,60457.3303071455
667.0,59252.7696060605,60377.24431958695,60506.73855873216,62429.54500684499,60641.57437280616
668.0,59433.28941336442,60566.427621442665,60696.61482051937,62608.37002161864,60826.175469236274
669.0,59614.30964979594,60755.99820875025,60886.87810667537,62787.34704900009,61011.13325355541
670.0,59795.83170262286,60945.955339649314,61077.52766578062,62966.474805413454,61196.44737836656
671.0,59977.85696295866,61136.29826137895,61268.5627354563,63145.75200723691,61382.1174917577
672.0,60160.38682577324,61327.02621026084,61459.9825423475,63325.177370833255,61568.14323730371
673.0,60343.42268990357,61518.13841168297,61651.78630210675,63504.74961258053,61754.524254068456
674.0,60526.965958064364,61709.634080083815,61843.97321937817,63684.46744890223,61941.26017660714
675.0,60711.018036858964,61901.51241893706,62036.542487782106,63864.329596297575,62128.35063496893
676.0,60895.58033678995,62093.77262073693,62229.49328990045,64044.33477137158,62315.795254699726
677.0,61080.65427227011,62286.413866984,62422.824797262314,64224.48169086502,62503.59365684536
678.0,61266.24126163316,62479.435328171625,62616.53617033047,64404.76907168425,62691.74545795488
679.0,61452.342727144685,62672.836163772874,62810.62655848823,64585.195630930866,62880.250270084165
680.0,61638.96009501298,62866.61552222804,63005.09510002685,64765.760085931375,63069.10770079981
681.0,61826.094795400044,63060.77254093277,63199.94092213373,64946.46115426645,63258.31735318324
682.0,62013.74826243249,63255.30634622666,63395.163140880875,65127.29755380037,63447.8788258351
683.0,62201.92193421259,63450.21605338255,63590.760861214236,65308.268002710116,63637.79171287987
684.0,62390.61725282918,63645.500766596284,63786.73317694342,65489.37121951443,63828.055603970824
685.0,62579.83566436889,63841.15957897715,63983.07917073208,65670.60592310263,64018.67008429518
686.0,62769.578618927044,64037.19157253881,64179.79791408893,65851.97083276344,64209.63473457956
687.0,62959.84757061892,64233.59581819093,64376.88846735925,66033.4646682136,64400.94913109567
688.0,63150.64397759081,64430.371375731294,64574.349879717134,66215.08614962627,64592.61284566638
689.0,63341.96930203117,64627.51729383862,64772.181189158146,66396.83399765947,64784.62544567185
690.0,63533.82501018197,64825.032610065886,64970.38142249285,66578.70693348424,64976.98649405624
691.0,63726.212572349716,65022.91635083434,65168.949595340666,66760.70367881274,65169.69554933437
692.0,63919.13346291693,65221.16753142805,65367.884712124556,66942.82295592607,65362.752165598904
693.0,64112.589160353295,65419.78515598914,65567.18576606625,67125.0634877022,65556.15589252772
694.0,64306.58114722707,65618.76821751356,65766.85173918205,67307.42399764355,65749.90627539155
695.0,64501.110910216434,65818.11569784755,65966.88160227935,67489.90320990447,65944.00285506196
696.0,64696.17994012081,66017.82656768471,66167.27431495374,67672.4998493187,66138.44516801949
697.0,64891.78973187243,66217.89978656366,66368.0288255867,67855.21264142645,66333.23274636231
698.0,65087.94178454766,66418.33430286637,66569.14407134408,68038.04031250162,66528.36511781493
699.0,65284.63760137855,66619.12905381712,66770.61897817499,68220.98158957876,66723.84180573735
700.0,65481.87868976437,66820.28296548205,66972.45246081155,68404.0352004797,66919.66232913441
701.0,65679.66656128308,67021.79495276949,67174.64342276916,68587.19987384039,67115.82620266553
702.0,65878.00273170305,67223.66391943068,67377.19075634757,68770.47433913732,67312.33293665465
703.0,66076.88872099454,67425.88875806144,67580.09334263224,68953.85732671389,67509.18203710052
704.0,66276.3260533414,67628.46835010423,67783.35005149692,69137.34756780675,67706.37300568732
705.0,66476.31625715278,67831.40156585109,67986.95974160633,69320.94379457168,67903.90533979547
706.0,66676.86086507482,68034.68726444701,68190.92126041994,69504.64474010971,68101.77853251286
707.0,66877.96141400239,68238.3242938941,68395.23344419607,69688.44913849291,68299.99207264638
708.0,67079.61944509088,68442.31149105648,68599.89511799696,69872.35572478986,68498.54544473354
709.0,67281.83650376796,68646.6476816656,68804.90509569427,70056.36323509143,68697.43812905482
710.0,67484.61413974556,68851.33168032653,69010.2621799754,70240.47040653584,68896.66960164583
711.0,67687.95390703152,69056.36229052463,69215.96516235045,70424.67597733415,69096.23933431019
712.0,67891.85736394177,69261.73830463314,69422.01282315982,70608.97868679513,69296.14679463246
713.0,68096.32607311205,69467.45850392127,69628.40393158258,70793.37727535027,69496.39144599154
714.0,68301.36160151,69673.52165856304,69835.13724564541,70977.8704845786,69696.97274757425
715.0,68506.96552044712,69879.92652764685,70042.21151223232,71162.45705723116,69897.89015438936
716.0,68713.13940559086,70086.6718591856,70249.62546709504,71347.13573725565,70099.14311728178
717.0,68919.88483697663,70293.75639012764,70457.37783486408,71531.90526982071,70300.73108294727
718.0,69127.20339902001,70501.17884636828,70665.46732906051,71716.76440134004,70502.6534939472
719.0,69335.09668052873,70708.93794276212,70873.89265210839,71901.71187949649,70704.90978872393
720.0,69543.56627471503,70917.03238313596,71082.65249534803,72086.74645326598,70907.49940161625
721.0,69752.61377920776,71125.46086030245,71291.74553904968,72271.86687294127,71110.4217628753
722.0,69962.24079606461,71334.2220560745,71501.17045242834,72457.07189015539,71313.67629868072
723.0,70172.44893178447,71543.31464128022,71710.9258936588,72642.36025790528,71517.2624311572
724.0,70383.23979731966,71752.73727577871,71921.01050989183,72827.73073057497,71721.1795783913
725.0,70594.61500808832,71962.48860847657,72131.42293727075,73013.18206395875,71925.4271544486
726.0,70806.57618398685,72172.56727734496,72342.16180094884,73198.71301528424,72130.00456939123
727.0,71019.12494940216,72382.97190943753,72553.22571510758,73384.32234323515,72334.9112292956
728.0,71232.2629332242,72593.7011209089,72764.61328297529,73570.00880797405,72540.14653627061
729.0,71445.99176885861,72804.75351703403,72976.32309684687,73755.77117116484,72745.70988847609
730.0,71660.31309423894,73016.12769222815,73188.35373810401,73941.60819599532,72951.60068014161
731.0,71875.22855183936,73227.82223006747,73400.70377723609,74127.51864719918,73157.81830158553
732.0,72090.73978868732,73439.83570331056,73613.37177386205,74313.5012910784,73364.36213923458
733.0,72306.84845637603,73652.16667392054,73826.35627675272,74499.55489552501,73571.23157564359
734.0,72523.55621107714,73864.81369308788,74039.65582385397,74685.67823004293,73778.42598951548
735.0,72740.86471355351,74077.77530125393,74253.26894231068,74871.87006576969,73985.94475572195
736.0,72958.77562917197,74291.05002813526,74467.1941484913,75058.12917549793,74193.78724532411
737.0,73177.29062791585,74504.63639274862,74681.42994801313,75244.45433369663,74401.95282559356
738.0,73396.411384398,74718.53290343666,74895.97483576852,75430.84431653252,74610.44086003392
739.0,73616.13957787365,74932.73805789436,75110.82729595153,75617.29790189097,74819.25070840263
740.0,73836.47689225308,75147.25034319617,75325.98580208555,75803.81386939698,75028.38172673294
741.0,74057.4250161146,75362.06823582394,75541.4488170515,75990.39100043592,75237.83326735649
742.0,74278.98564271769,75577.19020169551,75757.21479311683,76177.0280781742,75447.60467892606
743.0,74501.16047001563,75792.61469619401,75973.28217196524,76363.72388757959,75657.69530643862
744.0,74723.95120066879,76008.34016419791,76189.64938472716,76550.47721544163,75868.10449125888
745.0,74947.35954205756,76224.36504011182,76406.31485201087,76737.28685039183,76078.83157114302
746.0,75171.38720629548,76440.687747898,76623.27698393444,76924.15158292353,76289.87588026287
747.0,75396.03591024227,76657.30670110857,76840.53418015841,77111.07020541198,76501.2367492303
748.0,75621.30737551708,76874.22030291839,77058.08482991917,77298.04151213376,76712.9135051221
749.0,75847.20332851174,77091.42694615887,77275.92731206301,77485.0642992867,76924.90547150507
750.0,76073.7255004038,77308.92501335227,77494.05999508103,77672.13736500897,77137.21196846152
751.0,76300.8756271699,77526.71287674691,77712.4812371447,77859.25950939846,77349.83231261499
752.0,76528.6554495992,77744.7888983529,77931.18938614218,78046.42953453201,77562.76581715657
753.0,76757.0667133065,77963.1514299788,78150.18277971538,78233.64624448422,77776.01179187123
754.0,76986.11116874567,78181.79881326895,78369.45974529773,78420.9084453463,77989.56954316466
755.0,77215.7905712233,78400.7293797414,78589.01860015267,78608.21494524478,78203.43837409055
756.0,77446.10668091179,78619.94145082674,78808.85765141294,78795.56455436001,78417.61758437786
757.0,77677.06126286306,78839.43333790751,79028.9751961205,78982.9560849445,78632.1064704589
758.0,77908.656087022,79059.2033423584,79249.36952126735,79170.38835134116,78846.90432549722
759.0,78140.8929282402,79279.24975558724,79470.03890383676,79357.8601700014,79062.0104394164
760.0,78373.77356628925,79499.57085907654,79690.98161084567,79545.37035950302,79277.42409892862
761.0,78607.29978587458,79720.16492442589,79912.1958993874,79732.91774056798,79493.14458756396
762.0,78841.47337664923,79941.03021339499,80133.68001667541,79920.50113608009,79709.17118569993
763.0,79076.2961332273,80162.16497794753,80355.43220008755,80108.11937110231,79925.50317059117
764.0,79311.76985519787,80383.56746029558,80577.45067721113,80295.77127289437,80142.13981639974
765.0,79547.89634713881,80605.23589294494,80799.7336658888,80483.45567092966,80359.08039422554
766.0,79784.67741863051,80827.16849874095,81022.27937426497,80671.17139691251,80576.32417213723
767.0,80022.11488426983,81049.36349091525,81245.0860008331,80858.9172847949,80793.87041520327
768.0,80260.2105636839,81271.81907313301,81468.15173448368,81046.69217079326,81011.71838552346
769.0,80498.96628154433,81494.53343954118,81691.47475455281,81234.49489340515,81229.86734226087
770.0,80738.38386758078,81717.50477481708,81915.05323087171,81422.32429342555,81448.31654167378
771.0,80978.46515659531,81940.73125421797,82138.88532381675,81610.17921396326,81667.06523714833
772.0,81219.21198847643,82164.21104363132,82362.96918436022,81798.05850045709,81886.11267923127
773.0,81460.62620821294,82387.9422996255,82587.30295412199,81985.96100069178,82105.45811566306
774.0,81702.70966590827,82611.92316950152,82811.88476542167,82173.8855648139,82325.10079141134
775.0,81945.46421679477,82836.15179134531,83036.71274133146,82361.8310453476,82545.03994870478
776.0,82188.89172124764,83060.62629408066,83261.78499573002,82549.7962972101,82765.2748270671
777.0,82432.99404479937,83285.34479752285,83487.09963335663,82737.7801777272,82985.8046633515
778.0,82677.77305815395,83510.30541243314,83712.65474986621,82925.78154664855,83206.62869177546
779.0,82923.2306372014,83735.50624057374,83938.4484318853,83113.79926616272,83427.7461439558
780.0,83169.36866303184,83960.94537476356,84164.47875706818,83301.8322009123,83649.15624894397
781.0,83416.18902195012,84186.62089893466,84390.74379415429,83489.87921800869,83870.85823326194
782.0,83663.69360549029,84412.53088818933,84617.24160302577,83677.93918704671,84092.85132093803
783.0,83911.88431042996,84638.67340885794,84843.9702347663,83866.01098011938,84315.13473354338
784.0,84160.76303880484,84865.04651855728,85070.92773171992,84054.09347183214,84537.70769022853
785.0,84410.33169792354,85091.64826624983,85298.11212755111,84242.18553931723,84760.56940776043
786.0,84660.59220038194,85318.47669230343,85525.52144730535,84430.28606224783,84983.71910055964
787.0,84911.5464640779,85545.52982855191,85753.15370747019,84618.39392285193,85207.15598073798
788.0,85163.19641222601,85772.80569835598,85981.00691603734,84806.50800592634,85430.87925813641
789.0,85415.54397337239,86000.30231666533,86209.07907256499,84994.62719885028,85654.88814036325
790.0,85668.59108140934,86228.01769008076,86437.36816824118,85182.750391599,85879.18183283258
791.0,85922.3396755901,86455.94981691755,86665.8721859477,85370.87647675713,86103.75953880312
792.0,86176.79170054404,86684.09668726898,86894.58910032445,85559.0043495321,86328.62045941738
793.0,86431.94910629123,86912.45628307089,87123.51687783486,85747.13290776717,86553.76379374103
794.0,86687.8138482574,87141.02657816664,87352.65347683152,85935.2610519545,86779.1887388025
795.0,86944.38788728927,87369.80553837279,87581.99684762282,86123.38768524787,87004.89448963318
796.0,87201.6731896691,87598.79112154542,87811.54493253998,86311.51171347559,87230.88023930752
797.0,87459.67172713009,87827.98127764708,88041.29566600478,86499.63204515298,87457.14517898372
798.0,87718.38547687147,88057.37394881426,88271.24697459805,86687.74759149486,87683.68849794466
799.0,87977.81642157341,88286.96706942572,88501.39677712861,86875.85726642777,87910.50938363888
800.0,88237.9665494125,88516.75856617116,88731.74298470299,87063.95998660225,88137.60702172223
801.0,88498.83785407677,88746.74635812074,88962.28350079565,87252.05467140481,88364.9805960995
802.0,88760.43233478125,88976.92835679499,89193.01622131979,87440.14024296973,88592.62928896645
803.0,89022.7519962829,89207.30246623557,89423.93903469898,87628.21562619109,88820.55228085213
804.0,89285.79884889621,89437.8665830764,89655.04982193922,87816.27974873406,89048.74875066147
805.0,89549.57490850876,89668.61859661544,89886.34645670155,88004.33154104659,89277.21787571808
806.0,89814.08219659627,89899.5563888873,90117.82680537541,88192.36993637067,89505.95883180742
807.0,90079.32274023838,90130.67783473604,90349.4887271526,88380.39387075367,89734.97079322016
808.0,90345.29857213415,90361.98080188877,90581.33007410163,88568.40228305913,89964.25293279592
809.0,90612.0117306176,90593.46315102998,90813.34869124282,88756.39411497806,90193.8044219671
810.0,90879.46425967326,90825.12273587602,91045.542416624,88944.36831103945,90423.62443080319
811.0,91147.6582089519,91056.95740325058,91277.90908139659,89132.32381862111,90653.71212805505
812.0,91416.59563378639,91288.96499316045,91510.44650989256,89320.25958796017,90884.06668119991
813.0,91686.27859520717,91521.14333887193,91743.15251970153,89508.17457216348,91114.68725648602
814.0,91956.70915995815,91753.49026698782,91976.02492174885,89696.0677272178,91345.57301897815
815.0,92227.88940051272,91986.0035975249,92209.06152037396,89883.9380120001,91576.72313260293
816.0,92499.8213950894,92218.68114399197,92442.26011340939,90071.78438828741,91808.13676019454
817.0,92772.50722766777,92451.52071346843,92675.6184922603,90259.60582076685,92039.81306354085
818.0,93045.94898800475,92684.52010668335,92909.13444198441,90447.40127704527,92271.75120342945
819.0,93320.1487716502,92917.67711809516,93142.80574137281,90635.16972765881,92503.95033969425
820.0,93595.10867996328,93150.98953597168,93376.63016303092,90822.91014608259,92736.40963126211
821.0,93870.83082012829,93384.45514247086,93610.6054734601,91010.62150873982,92969.12823619977
822.0,94147.31730517122,93618.0717137219,93844.7294331398,91198.3027950112,93202.10531176103
823.0,94424.57025397553,93851.83701990693,94078.99979661027,91385.95298724399,93435.34001443419
824.0,94702.59179129853,94085.74882534308,94313.41431255559,91573.57107076088,93668.83149998952
825.0,94981.38404778784,94319.80488856515,94547.9707238873,91761.15603386893,93902.5789235273
826.0,95260.94915999744,94554.00296240873,94782.6667678286,91948.70686786824,94136.58143952575
827.0,95541.28927040416,94788.34079409385,95017.50017599884,92136.22256706055,94370.83820188935
828.0,95822.40652742426,95022.81612530877,95252.46867449857,92323.70212875765,94605.34836399731
829.0,96104.30308542961,95257.42669229484,95487.56998399517,92511.14455328976,94840.11107875235
830.0,96386.98110476436,95492.17022593124,95722.8018198087,92698.54884401383,95075.12549862952
831.0,96670.44275176145,95727.04445182042,95958.16189199837,92885.91400732135,95310.39077572539
832.0,96954.69019875937,95962.04709037398,96193.6479054495,93073.23905264656,95545.90606180736
833.0,97239.72562411851,96197.17585689893,96429.25755996074,93260.52299247422,95781.6705083631
834.0,97525.55121223803,96432.42846168457,96664.98855033181,93447.76484234721,96017.68326665039
835.0,97812.16915357272,96667.8026100893,96900.83856645176,93634.9636208743,96253.94348774702
836.0,98099.58164464954,96903.29600262847,97136.80529338749,93822.11834973739,96490.45032260072
837.0,98387.79088808454,97138.90633506217,97372.88641147278,94009.22805369904,96727.20292207962
838.0,98676.79909259989,97374.6312984837,97609.07959639763,94196.29176060959,96964.20043702271
839.0,98966.60847304057,97610.46857940816,97845.38251929817,94383.30850141423,97201.44201829028
840.0,99257.22125039154,97846.41585986178,98081.79284684679,94570.27731016008,97438.92681681504
841.0,99548.63965179452,98082.47081747127,98318.30824134267,94757.19722400293,97676.65398365284
842.0,99840.8659105655,98318.63112555386,98554.92636080283,94944.0672832141,97914.62267003406
843.0,100133.90226621128,98554.8944532074,98791.64485905331,95130.88653118689,98152.83202741471
844.0,100427.75096444704,98791.25846540103,99028.46138582099,95317.65401444316,98391.28120752805
845.0,100722.41425721355,99027.72082306619,99265.37358682547,95504.36878263981,98629.96936243626
846.0,101017.89440269409,99264.27918318789,99502.37910387157,95691.02988857475,98868.89564458207
847.0,101314.1936653321,99500.93119889629,99739.47557494197,95877.63638819347,99108.05920684096
848.0,101611.31431584845,99737.67451955873,99976.6606342903,96064.18734059452,99347.45920257301
849.0,101909.25863125874,99974.50679087198,100213.9319125343,96250.68180803602,99587.09478567526
850.0,102208.02889489081,100211.42565495482,100451.28703674985,96437.11885594092,99826.9651106341
851.0,102507.6273964022,100448.42875044103,100688.72363056467,96623.4975529029,100067.0693325777
852.0,102808.0564317979,100685.51371257249,100926.23931425267,96809.81697069209,100307.40660732878
853.0,103109.31830344761,100922.67817329268,101163.83170482854,96996.0761842602,100547.97609145725
854.0,103411.41532010362,101159.91976134053,101401.49841614264,97182.27427174602,100788.7769423332
855.0,103714.34979691851,101397.2361023443,101639.23705897601,97368.41031448067,101029.80831817987
856.0,104018.12405546276,101634.62481891607,101877.04524113589,97554.48339699265,101271.06937812685
857.0,104322.7404237425,101872.0835307462,102114.92056755134,97740.49260701274,101512.55928226319
858.0,104628.20123621773,102109.60985469815,102352.8606403691,97926.43703547902,101754.27719169098
859.0,104934.5088338197,102347.20140490362,102590.86305904972,98112.31577654167,101996.22226857867
860.0,105241.66556396912,102584.85579285768,102828.92542046412,98298.12792756737,102238.39367621456
861.0,105549.67378059424,102822.57062751446,103067.04531898999,98483.87258914424,102480.79057906073
862.0,105858.53584414868,103060.34351538279,103305.2203466086,98669.54886508585,102723.41214280648
863.0,106168.25412162956,103298.17206062215,103543.4480930021,98855.15586243584,102966.25753442242
864.0,106478.83098659576,103536.05386513886,103781.72614565051,99040.6926914721,103209.32592221431
865.0,106790.26881918605,103773.98652868238,104020.05208992923,99226.15846571075,103452.6164758771
866.0,107102.57000613728,104011.96764894186,104258.42350920668,99411.55230191027,103696.12836654903
867.0,107415.73694080264,104249.99482164283,104496.83798494207,99596.87332007528,103939.8607668657
868.0,107729.77202317026,104488.06564064405,104735.29309678338,99782.12064346053,104183.81285101456
869.0,108044.67765988123,104726.17769803465,104973.78642266543,99967.29339857431,104427.98379478892
870.0,108360.45626424822,104964.3285842311,105212.31553890825,100152.39071518219,104672.37277564243
871.0,108677.11025627419,105202.51588807483,105450.87802031542,100337.41172631053,104916.97897274373
872.0,108994.6420626705,105440.73719692942,105689.47144027262,100522.35556824967,105161.80156703055
873.0,109313.05411687585,105678.99009677836,105928.09337084637,100707.22138055741,105406.8397412645
874.0,109632.3488590747,105917.2721723227,106166.74138288277,100892.00830606197,105652.09268008554
875.0,109952.52873621629,106155.58100707887,106405.41304610645,101076.71549086519,105897.5595700667
876.0,110273.59620203299,106393.91418347669,106644.10592921947,101261.34208434536,106143.23959976863
877.0,110595.55371705933,106632.26928295718,106882.8176000006,101445.88723916015,106389.13195979431
878.0,110918.40374865098,106870.64388607092,107121.54562540434,101630.35011124944,106635.23584284392
879.0,111242.1487710033,107109.03557257609,107360.28757166021,101814.72985983768,106881.55044376932
880.0,111566.79126517058,107347.44192153667,107599.04100437213,101999.02564743682,107128.07495962904
881.0,111892.33371908509,107585.86051142086,107837.80348861782,102183.2366398484,107374.80858974304
882.0,112218.77862757591,107824.28892019941,108076.57258904802,102367.36200616624,107621.7505357474
883.0,112546.12849238819,108062.72472544396,108315.34586998625,102551.40091877834,107868.90000164918
884.0,112874.38582220228,108301.1655044256,108554.12089552807,102735.35255336926,108116.2561938813
885.0,113203.55313265316,108539.60883421316,108792.89522964077,102919.21608892217,108363.81832135732
886.0,113533.63294634936,108778.05229177185,109031.66643626279,103102.99070772069,108611.58559552616
