Day,Exponential_Pred,Logistic_Pred,Richards_Pred,Gompertz_Pred,Gradient Boosting_Pred
0.0,4409.177132955068,6612.965251417441,6410.14530893687,8083.419668968276,27.000027366575047
1.0,4437.66192597995,6630.011538492432,6427.430674278616,8087.343011981484,49.00002731407052
2.0,4466.225683306055,6647.132030876408,6444.790899494263,8091.32152174024,67.00002726181603
3.0,4494.868623834771,6664.3270390511425,6462.22629629084,8095.355814408466,80.00002722482004
4.0,4523.590967074324,6681.596874685932,6479.737177562171,8099.4465107370515,108.00002720409367
5.0,4552.392933141444,6698.941850641148,6497.323857392394,8103.594236069324,134.0000271850789
6.0,4581.274742763062,6716.362280971767,6514.986651059484,8107.799620346164,149.00002715643336
7.0,4610.236617278002,6733.85848093091,6532.725875038761,8112.063298110786,166.0000271436736
8.0,4639.278778638665,6751.4307669733935,6550.541847006425,8116.385908513155,188.00002713269652
9.0,4668.401449412746,6769.07945675926,6568.434885843071,8120.76809531407,207.00002711739577
10.0,4697.604852784934,6786.804869157326,6586.405311637209,8125.210506888875,226.00002709766724
11.0,4726.8892125586135,6804.607324248721,6604.453445688796,8129.713796230823,241.00002709204645
12.0,4756.254753157591,6822.487143330438,6622.57961051275,8134.278620954081,255.00002707971586
13.0,4785.701699627809,6840.444648918868,6640.7841298424755,8138.9056432963625,276.0000270647106
14.0,4815.230277639081,6858.480164753348,6659.067328633388,8143.595530121209,301.0000270550786
15.0,4844.840713486799,6876.594015799705,6677.429533066434,8148.348952919897,323.00002703901464
16.0,4874.533234093689,6894.786528253796,6695.871070551624,8153.1665878129725,348.00002702258206
17.0,4904.308067011545,6913.058029545053,6714.392269731539,8158.049115551424,370.0000270122672
18.0,4934.165440422965,6931.408848340027,6732.993460484868,8162.997221517469,377.00002699444804
19.0,4964.105583143104,6949.839314545929,6751.674973929916,8168.011595724979,389.0000269702175
20.0,4994.128724621432,6968.349759314168,6770.437142428136,8173.092932819507,419.00002695797554
21.0,5024.2350949434895,6986.9405150439,6789.280299587645,8178.241932077954,439.0000269417842
22.0,5054.424924832645,7005.611915385558,6808.20478026674,8183.459297407838,469.000026931373
23.0,5084.698445651873,7024.364295244398,6827.210920577421,8188.745737346187,487.0000269180489
24.0,5115.055889405519,7043.197990784034,6846.299057888904,8194.10196505804,515.0000269012289
25.0,5145.497488741086,7062.113339429976,6865.46953083114,8199.528698334565,539.000026882496
26.0,5176.023476951008,7081.110679873161,6884.72267929832,8205.026659590774,564.0000268662587
27.0,5206.63408797444,7100.190352073492,6904.0588444524055,8210.59657586286,592.0000268440538
28.0,5237.329556399058,7119.352697263367,6923.478368726617,8216.239178805135,621.0000268237071
29.0,5268.1101174628475,7138.598057951204,6942.981595828956,8221.95520468656,645.0000268024138
30.0,5298.976007055915,7157.92677792498,6962.568870745714,8227.745394386893,672.0000267777442
31.0,5329.927461722291,7177.339202255746,6982.24053974496,8233.61049339243,707.0000267527374
32.0,5360.964718661735,7196.835677301157,7001.996950380068,8239.551251791345,742.000026736631
33.0,5392.088015731571,7216.416550708989,7021.838451493191,8245.568424268617,793.0000267100974
34.0,5423.297591448498,7236.082171420661,7041.765393218773,8251.66277010058,843.0000266698889
35.0,5454.593684990414,7255.83288967475,7061.778126987039,8257.835053149029,894.0000266393658
36.0,5485.976536198266,7275.669057010498,7081.877005527487,8264.08604185495,928.000026605167
37.0,5517.446385577874,7295.591026271333,7102.062382872375,8270.416509231822,974.0000265742343
38.0,5549.003474301771,7315.599151608366,7122.334614360207,8276.827232858517,1029.0000265412589
39.0,5580.648044211068,7335.693788483897,7142.6940566392095,8283.318994871786,1090.0000265065316
40.0,5612.380337817291,7355.87529367492,7163.14106767082,8289.89258195833,1142.0000264697917
41.0,5644.200598304245,7376.144025276611,7183.676006733147,8296.548785346453,1178.0000264338883
42.0,5676.109069529886,7396.500342705825,7204.299234424452,8303.288400797317,1248.0000263870738
43.0,5708.105996028176,7416.944606704583,7225.0111126666125,8310.112228595754,1314.0000263385575
44.0,5740.191623010964,7437.477179343558,7245.8120047085795,8317.021073540678,1376.0000262951896
45.0,5772.366196369867,7458.098424025556,7266.702275129839,8324.015744935074,1426.0000262512635
46.0,5804.629962678147,7478.808705488983,7287.682289843864,8331.097056575565,1488.000026207542
47.0,5836.983169192616,7499.608389811327,7308.752416101561,8338.265826741565,1556.0000261624425
48.0,5869.426063855504,7520.497844412616,7329.913022494724,8345.522878183994,1608.0000261136115
49.0,5901.958895296395,7541.477438058886,7351.164478959456,8352.869038113588,1666.0000260702016
50.0,5934.581912834099,7562.54754086563,7372.507156779613,8360.305138188782,1709.0000260283612
51.0,5967.295366478584,7583.708524301252,7393.941428590231,8367.832014503156,1731.000025997694
52.0,6000.099506932878,7604.9607611905085,7415.467668380943,8375.450507572476,1882.0000259385622
53.0,6032.994585595001,7626.304625717956,7437.086251499402,8383.161462321292,2091.000025791111
54.0,6065.980854559892,7647.740493431373,7458.797554654691,8390.96572806912,2210.0000257147194
55.0,6099.058566621328,7669.268741245199,7480.601955920718,8398.864158516204,2284.000025666919
56.0,6132.227975273878,7690.889747443944,7502.499834739627,8406.857611728823,2349.000025621635
57.0,6165.48933471483,7712.603891685613,7524.491571925177,8414.94695012421,2441.00002557011
58.0,6198.842899846151,7734.411555005109,7546.577549666139,8423.133040455006,2528.000025509719
59.0,6232.288926276438,7756.313119817635,7568.758151529668,8431.41675379332,2612.000025453309
60.0,6265.827670322871,7778.308969922085,7591.033762464671,8439.798965514337,2693.0000253879107
61.0,6299.459389013184,7800.39949050444,7613.404768805174,8448.280555279496,2765.000025334796
62.0,6333.184340087626,7822.5850681411375,7635.871558273682,8456.862407019265,2834.000025280775
63.0,6367.002782000953,7844.866090802447,7658.434519984514,8465.54540891546,2881.000025235283
64.0,6400.914973924388,7867.242947855838,7681.094044447165,8474.330453383145,2942.000025183648
65.0,6434.921175747624,7889.7160300693295,7703.850523569621,8483.218437052115,3014.000025132873
66.0,6469.021648080807,7912.285729614844,7726.7043506616865,8492.21026074793,3087.000025086261
67.0,6503.216652256528,7934.952440071544,7749.655920438308,8501.306829472534,3157.000025034898
68.0,6537.506450331848,7957.71655642916,7772.705629022872,8510.509052384448,3228.000024985548
69.0,6571.891305090276,7980.57847509132,7795.8538739505075,8519.817842778519,3282.0000249352665
70.0,6606.3714800438065,8003.538593878857,7819.101054171382,8529.234118065262,3386.0000248824535
71.0,6640.947239434927,8026.59731203311,7842.447570053964,8538.758799749761,3451.0000248366396
72.0,6675.618848238648,8049.755030219228,7865.893823388313,8548.39281341015,3527.0000247832522
73.0,6710.386572164534,8073.012150529444,7889.440217389325,8558.137088675658,3595.000024732566
74.0,6745.2506776587325,8096.36907648636,7913.087156699989,8567.992559204242,3659.000024681749
75.0,6780.211431906027,8119.826213046201,7936.835047394636,8577.960162659789,3733.0000246321342
76.0,6815.269102831877,8143.383966602077,7960.684296982152,8588.040840688884,3806.0000245805027
77.0,6850.42395910447,8167.042744987222,7984.635314409208,8598.235538897168,3877.000024528375
78.0,6885.67627013679,8190.80295747823,8008.688510063474,8608.545206825273,3939.0000244793537
79.0,6921.026306088672,8214.665014798273,8032.844295776795,8618.970797924312,4007.000024428674
80.0,6956.4743378688745,8238.629329120318,8057.103084828406,8629.513269530982,4089.0000243779746
81.0,6992.020637137162,8262.69631407032,8081.465291948089,8640.17358284222,4163.000024320612
82.0,7027.665476306382,8286.866384730409,8105.9313333193295,8650.952702889452,4227.000024275343
83.0,7063.409128544547,8311.139957642066,8130.501626582491,8661.851598512409,4308.000024219883
84.0,7099.251867776944,8335.517450809293,8155.176590837929,8672.871242332556,4398.000024172314
85.0,7135.193968688211,8359.999283701756,8179.956646649129,8684.012610726062,4475.000024113348
86.0,7171.235706724467,8384.58587725792,8204.842216045825,8695.276683796399,4560.000024057157
87.0,7207.377358095404,8409.277653888184,8229.833722527086,8706.664445346481,4631.000024000597
88.0,7243.619199776411,8434.075037477982,8254.931591064418,8718.176882850443,4717.000023952294
89.0,7279.961509510698,8458.978453390893,8280.136248104818,8729.814987424954,4780.000023896629
90.0,7316.404565811423,8483.988328471716,8305.448121573852,8741.579753800164,4848.000023840838
91.0,7352.9486479638235,8509.10509104954,8330.867640878701,8753.472180290215,4911.000023786677
92.0,7389.594036027358,8534.329170940808,8356.395236911176,8765.49326876336,4995.000023731767
93.0,7426.341010837859,8559.660999452353,8382.031342050746,8777.64402461167,5092.000023683644
94.0,7463.189854009677,8585.101009384427,8407.776390167546,8789.925456720335,5177.0000236285
95.0,7500.140847937841,8610.649635033711,8433.630816625348,8802.338577436572,5247.000023573329
96.0,7537.194275800224,8636.307312196315,8459.59505828455,8814.884402538126,5315.000023528274
97.0,7574.350421559711,8662.074478170762,8485.669553505122,8827.563951201362,5374.000023476534
98.0,7611.609569966378,8687.951571760941,8511.854742149548,8840.378245968988,5453.000023426906
99.0,7648.972006559674,8713.939033279068,8538.15106558575,8853.328312717353,5504.000023379752
100.0,7686.438017670605,8740.03730454862,8564.558966689996,8866.415180623373,5552.000023343613
101.0,7724.007890423933,8766.24682890724,8591.078889849796,8879.63988213105,5610.000023288179
102.0,7761.681912740374,8792.568051209644,8617.711280966772,8893.003452917616,5677.000023238065
103.0,7799.460373338807,8819.001417830506,8644.456587459516,8906.506931859283,5692.000023187968
104.0,7837.343561738482,8845.547376667317,8671.315258266422,8920.151360996602,5809.00002312544
105.0,7875.331768261243,8872.206377143233,8698.287743848523,8933.937785499451,6035.00002301858
106.0,7913.425284033754,8898.978870209903,8725.374496192277,8947.86725363164,6137.000022955257
107.0,7951.624400989724,8925.865308350283,8752.575968812376,8961.940816715129,6239.000022895416
108.0,7989.929411872148,8952.866145581429,8779.892616754481,8976.159529093871,6302.0000228254285
109.0,8028.340610235553,8979.98183745726,8807.324896597998,8990.524448097305,6393.000022765823
110.0,8066.858290448245,9007.212841071327,8834.873266458786,9005.036634003438,6506.00002269572
111.0,8105.482747694563,9034.559615059523,8862.538185991873,9019.697150001588,6593.000022627429
112.0,8144.214277977142,9062.022619602823,8890.320116394158,9034.507062154757,6685.000022563551
113.0,8183.053178119188,9089.60231642997,8918.219520407054,9049.467439361622,6763.00002250298
114.0,8221.99974576674,9117.299168820135,8946.236862319152,9064.579353318195,6844.000022445651
115.0,8261.054279390964,9145.113641605585,8974.372607968848,9079.843878479094,6907.000022397996
116.0,8300.217078290432,9173.046201174311,9002.627224746942,9095.262092018473,6988.000022341551
117.0,8339.488442593421,9201.097315472634,9031.001181599226,9110.835073790608,7075.00002229229
118.0,8378.868673260211,9229.267454007795,9059.494949029055,9126.56390629011,7133.000022243536
119.0,8418.358072085384,9257.557087850524,9088.108999099868,9142.449674611813,7193.000022189989
120.0,8457.956941700151,9285.966689637582,9116.843805437726,9158.493466410306,7263.0000221460805
121.0,8497.665585574663,9314.496733574279,9145.699843233799,9174.696371859118,7322.000022091922
122.0,8537.484308020334,9343.147695436975,9174.677589246832,9191.059483609575,7397.0000220414595
123.0,8577.41341419218,9371.920052575559,9203.77752180561,9207.583896749326,7475.00002198526
124.0,8617.453210091155,9400.81428391589,9233.000120811368,9224.270708760516,7543.000021934962
125.0,8657.604002566493,9429.830869962234,9262.345867740201,9241.12101947765,7623.00002188226
126.0,8697.866099318064,9458.970292799655,9291.815245645439,9258.135931045117,7684.000021832538
127.0,8738.239808898727,9488.233036096408,9321.408739159986,9275.316547874398,7780.000021774814
128.0,8778.725440716704,9517.619585106273,9351.126834498682,9292.663976600958,7875.000021730806
129.0,8819.32330503794,9547.130426670901,9380.970019460558,9310.179326040798,7949.000021669911
130.0,8860.033712988487,9576.7660492221,9410.938783431146,9327.863707146735,8017.000021614895
131.0,8900.856976556883,9606.526942784118,9441.033617384715,9345.718232964324,8083.000021558876
132.0,8941.793408596557,9636.413598975892,9471.255013886499,9363.744018587515,8163.000021500181
133.0,8982.843322828208,9666.426511013267,9501.603467094883,9381.94218111398,8246.000021444836
134.0,9024.00703384222,9696.566173711191,9532.079472763586,9400.313839600149,8322.000021384218
135.0,9065.284857101073,9726.833083485883,9562.683528243791,9418.860115015952,8405.000021328447
136.0,9106.677108941754,9757.22773835697,9593.416132486263,9437.582130199256,8491.00002127632
137.0,9148.184106578192,9787.7506379496,9624.277786043433,9456.481009810042,8580.000021218366
138.0,9189.806168103674,9818.402283496525,9655.268991071449,9475.557880284254,8672.000021152266
139.0,9231.543612493302,9849.183177840152,9686.390251332223,9494.813869787396,8745.000021089161
140.0,9273.396759606414,9880.09382543456,9717.6420721954,9514.250108167853,8833.000021036609
141.0,9315.36593018906,9911.134732347507,9749.024960640341,9533.86772690991,8920.000020981632
142.0,9357.451445876442,9942.306406262389,9780.539425258068,9553.667859086525,8976.000020920948
143.0,9399.653629195389,9973.60935648016,9812.185976253148,9573.651639311827,9050.00002086727
144.0,9441.972803566818,10005.044093921253,9843.9651254456,9593.820203693353,9124.000020814816
145.0,9484.409293308227,10036.611131127436,9875.877386272708,9614.17468978401,9227.000020759506
146.0,9526.963423636165,10068.310982263662,9907.923273790859,9634.716236533799,9321.000020708932
147.0,9569.635520668742,10100.14416311986,9940.103304677301,9655.445984241296,9381.000020655565
148.0,9612.425911428109,10132.111191112726,9972.417997231914,9676.365074504844,9460.000020595802
149.0,9655.334923842978,10164.212585287454,10004.867871378905,9697.474650173546,9537.000020551097
150.0,9698.362886751132,10196.448866319446,10037.453448668508,9718.775855297996,9625.000020502317
151.0,9741.510129901944,10228.82055651598,10070.175252278616,9740.26983508077,9684.000020446907
152.0,9784.776983958896,10261.328179817861,10103.033807016398,9761.957735826702,9759.000020399802
153.0,9828.163780502131,10293.972261801018,10136.029639319886,9783.840704892913,9826.000020355526
154.0,9871.670852030977,10326.753329678071,10169.163277259508,9805.91989063863,9869.000020311214
155.0,9915.298531966508,10359.671912299871,10202.435250539611,9828.196442374781,9904.000020270545
156.0,9959.047154654087,10392.728540156997,10235.846090499916,9850.671510313372,9923.000020226518
157.0,10002.91705536594,10425.92374538122,10269.396330116964,9873.346245516648,9987.00002017962
158.0,10046.908570303716,10459.258061746921,10303.086504005518,9896.221799846066,10097.000020127058
159.0,10091.022036601073,10492.732024672485,10336.917148419912,9919.299325911039,10191.0000200637
160.0,10135.257792326247,10526.346171221654,10370.888801255402,9942.5799770175,10266.000020006972
161.0,10179.616176484664,10560.10104010483,10405.00200204942,9966.064907116264,10374.000019951181
162.0,10224.097529021514,10593.99717168036,10439.257291982842,9989.755270751204,10462.000019889516
163.0,10268.702190824377,10628.035107955759,10473.655213881193,10013.65222300723,10551.00001983333
164.0,10313.430503725825,10662.215392588918,10508.196312215825,10037.7569194581,10641.000019773555
165.0,10358.28281050604,10696.538570889254,10542.881133105022,10062.070516114047,10730.000019715353
166.0,10403.259454895446,10731.005189818821,10577.710224315124,10086.594169369226,10801.0000196566
167.0,10448.360781577343,10765.615797993389,10612.684135261548,10111.329035949015,10875.000019599656
168.0,10493.587136190547,10800.370945683482,10647.803417009807,10136.276272857127,10948.000019547428
169.0,10538.938865332033,10835.27118481536,10683.068622276482,10161.437037322567,11027.000019493815
170.0,10584.416316559606,10870.317068971977,10718.480305430126,10186.812486746447,11074.000019445599
171.0,10630.019838394548,10905.509153393881,10754.039022492176,10212.403778648639,11138.000019400846
172.0,10675.749780324304,10940.84799498009,10789.745331137763,10238.212070614285,11199.000019358076
173.0,10721.606492805147,10976.334152288891,10825.599790696517,10264.238520240158,11276.000019314768
174.0,10767.590327264867,11011.96818553864,10861.602962153323,10290.484285080904,11330.000019268837
175.0,10813.70163610548,11047.750656608478,10897.755408149022,10316.950522595112,11407.00001921467
176.0,10859.940772705895,11083.682129039033,10934.05769298107,10343.638390091317,11473.000019166313
177.0,10906.308091424662,11119.763168033038,10970.510382604167,10370.549044673824,11546.0000191098
178.0,10952.803947602662,11155.994340455945,11007.114044630802,10397.683643188428,11637.0000190555
179.0,10999.428697565827,11192.376214836473,11043.869248331803,10425.043342168032,11716.000019004292
180.0,11046.182698627896,11228.9093613671,11080.776564636797,10452.629297778143,11777.000018952132
181.0,11093.066309093125,11265.594351904529,11117.836566134643,10480.442665762275,11854.000018890853
182.0,11140.079888259055,11302.43175997008,11155.04982707382,10508.484601387221,11931.000018837532
183.0,11187.223796419245,11339.422160750073,11192.416923362753,10536.756259388272,12044.000018782708
184.0,11234.498394866054,11376.566131096104,11229.93843257009,10565.258793914301,12127.000018739334
185.0,11281.904045893394,11413.864249525337,11267.614933924951,10593.993358472788,12209.000018672978
186.0,11329.441112799517,11451.317096220686,11305.447008317102,10622.96110587476,12280.000018615772
187.0,11377.10995988979,11488.925253030997,11343.435238297101,10652.163188179635,12363.00001854963
188.0,11424.910952479497,11526.68930347114,11381.58020807636,10681.60075664,12435.000018494282
189.0,11472.844456896624,11564.609832722075,11419.882503527195,10711.27496164635,12522.000018429319
190.0,11520.910840484687,11602.687427630848,11458.3427121828,10741.186952671711,12605.00001836793
191.0,11569.110471605525,11640.922676710557,11496.961423237168,10771.337878216236,12694.000018302804
192.0,11617.44371964214,11679.316170140235,11535.739227544977,10801.728885751743,12757.000018244764
193.0,11665.910955001522,11717.868499764703,11574.676717621393,10832.361121666201,12846.000018184102
194.0,11714.512549117482,11756.580259094364,11613.774487641851,10863.235731208162,12929.00001812205
195.0,11763.248874453513,11795.45204330493,11653.033133441759,10894.353858431165,13040.00001806335
196.0,11812.120304505619,11834.484449237112,11692.453252516154,10925.716646138088,13150.000018000705
197.0,11861.12721380521,11873.678075396238,11732.035444019299,10957.32523582549,13231.000017938317
198.0,11910.269977921946,11913.033521951827,11771.780308764244,10989.18076762791,13326.00001787608
199.0,11959.548973466632,11952.551390737095,11811.688449222287,11021.284380262126,13424.000017817365
200.0,12008.964578094083,11992.232285248421,11851.76046952242,11053.637210971463,13496.000017761107
201.0,12058.517170506051,12032.076810644721,11891.996975450691,11086.240395469993,13568.000017695671
202.0,12108.207130454093,12072.085573746812,11932.398574449522,11119.095067886808,13641.00001763794
203.0,12158.03483874251,12112.25918303667,11972.965875616972,11152.20236071025,13719.000017588976
204.0,12208.000677231235,12152.598248656657,12013.699489705914,11185.563404732133,13788.000017546938
205.0,12258.105028838794,12193.10338240868,12054.60002912317,11219.179328992013,13873.000017497958
206.0,12308.348277545216,12233.775197753286,12095.668107928599,11253.05126072143,13946.000017451572
207.0,12358.730808394977,12274.614309808698,12136.904341834079,11287.180325288164,13991.000017402817
208.0,12409.253007499969,12315.621335349788,12178.309348202503,11321.567646140535,14006.000017358587
209.0,12459.91526204243,12356.79689280699,12219.883746046613,11356.214344751726,14061.000017324015
210.0,12510.717960277945,12398.141602265154,12261.628156027858,11391.121540564096,14148.000017263665
211.0,12561.661491538393,12439.65608546231,12303.543200455146,11426.290350933576,14239.000017212114
212.0,12612.746246234945,12481.340965788411,12345.629503283524,11461.721891074065,14319.000017159859
213.0,12663.972615861052,12523.196868283972,12387.887690112828,11497.4172740019,14422.000017108197
214.0,12715.340992995449,12565.224419638667,12430.31838818625,11533.37761048034,14504.000017056354
215.0,12766.851771305153,12607.424248189855,12472.922226388808,11569.604008964125,14554.000017015074
216.0,12818.505345548509,12649.796983921016,12515.699835245809,11606.097575544085,14587.000016959897
217.0,12870.302111578158,12692.343258460169,12558.651846921191,11642.859413891812,14650.00001692777
218.0,12922.24246634414,12735.063705078166,12601.778895215832,11679.890625204369,14703.00001689981
219.0,12974.326807896881,12777.95895868697,12645.081615565778,11717.192308149142,14753.000016869279
220.0,13026.55553539028,12821.029655837803,12688.560645040396,11754.765558808656,14829.000016817687
221.0,13078.92904908474,12864.2764347193,12732.216622340457,11792.611470625583,14868.000016785441
222.0,13131.447750350259,12907.69993515552,12776.050187796169,11830.731134347749,14931.000016747754
223.0,13184.112041669488,12951.30079860392,12820.061983365107,11869.125637973271,14972.000016705631
224.0,13236.922326640824,12995.079668153281,12864.252652630114,11907.796066695777,15021.00001667501
225.0,13289.879009981514,13039.037188521499,12908.62284079707,11946.743502849711,15055.00001664285
226.0,13342.982497530726,13083.174006053363,12953.173194692647,11985.969025855753,15133.000016586273
227.0,13396.233196252682,13127.490768718231,12997.904362761954,12025.473712166347,15189.000016530706
228.0,13449.631514239782,13171.988126107626,13042.816995066129,12065.25863521132,15256.000016506878
229.0,13503.17786071572,13216.666729432782,13087.911743279825,12105.324865343628,15302.000016450416
230.0,13556.872646038611,13261.52723152209,13133.189260688681,12145.673469785212,15363.000016408452
231.0,13610.716281704155,13306.570286818474,13178.650202186629,12186.305512572995,15468.000016347522
232.0,13664.709180348787,13351.796551376705,13224.295224273208,12227.22205450499,15533.000016282813
233.0,13718.851755752827,13397.206682860622,13270.12498505075,12268.42415308653,15615.000016234604
234.0,13773.144422843658,13442.801340540263,13316.140144221503,12309.912862476647,15700.000016182163
235.0,13827.587597698914,13488.581185288967,13362.341363084688,12351.689233434612,15797.000016126933
236.0,13882.181697549653,13534.546879580332,13408.729304533448,12393.754313266569,15876.00001607722
237.0,13936.927140783571,13580.699087485122,13455.304633051734,12436.109145772356,15957.000016020005
238.0,13991.824346948195,13627.038474668123,13502.06801471112,12478.754771192467,16025.000015969717
239.0,14046.873736754102,13673.565708384864,13549.02011716751,12521.692226155159,16105.000015916645
240.0,14102.075732078143,13720.281457478282,13596.1616096578,12564.922543623745,16162.00001586166
241.0,14157.43075596669,13767.186392375323,13643.493162996412,12608.446752844022,16228.000015812853
242.0,14212.939232638857,13814.281185083411,13691.015449571774,12652.265879291896,16293.000015768268
243.0,14268.601587489755,13861.56650918688,13738.72914334272,12696.380944621153,16370.00001572716
244.0,14324.418247093761,13909.043039843309,13786.634919834783,12740.792966611432,16445.000015679543
245.0,14380.389639207786,13956.711453779739,13834.733456136419,12785.502959116351,16482.000015628415
246.0,14436.516192774552,14004.57242928884,13883.025430895143,12830.511932011854,16525.000015611233
247.0,14492.798337925864,14052.626646225002,13931.511524313564,12875.820891144707,16577.00001556171
248.0,14549.236505985931,14100.87478600028,13980.192418145365,12921.43083828122,16625.000015516976
249.0,14605.831129474662,14149.317531580316,14029.068795691135,12967.342771056137,16697.000015469843
250.0,14662.582642110972,14197.955567480138,14078.141341794191,13013.557682921753,16792.000015426114
251.0,14719.491478816113,14246.789579759854,14127.410742836255,13060.076563097226,16866.00001537201
252.0,14776.558075717008,14295.82025602031,14176.877686733038,13106.900396518078,16961.00001531878
253.0,14833.782870149602,14345.048285398592,14226.542862929773,13154.030163785937,17018.000015260008
254.0,14891.166300662187,14394.47435856349,14276.406962396615,13201.46684111848,17089.000015207836
255.0,14948.708807018787,14444.099167710832,14326.470677623976,13249.211400299606,17165.000015147274
256.0,15006.410830202522,14493.923406558744,14376.734702617772,13297.264808629803,17241.000015092694
257.0,15064.272812418987,14543.94777034282,14427.199732894522,13345.628028876785,17317.00001505331
258.0,15122.295197099635,14594.172955811173,14477.866465476427,13394.302019226312,17411.000014991205
259.0,15180.478428905188,14644.59966121941,14528.735598886296,13443.287733233305,17499.000014934387
260.0,15238.822953729023,14695.228586325524,14579.80783314242,13492.586119773128,17534.000014902616
261.0,15297.329218700621,14746.060432384653,14631.083869753293,13542.198122993177,17577.000014847574
262.0,15355.99767218896,14797.095902143756,14682.56441171232,13592.124682264652,17651.000014786998
263.0,15414.82876380599,14848.335699836232,14734.250163492325,13642.366732134637,17731.00001474043
264.0,15473.82294441002,14899.780531176355,14786.141831040031,13692.925202278395,17825.000014683468
265.0,15532.980666109239,14951.43110335369,14838.240121770436,13743.801017451915,17921.000014630426
266.0,15592.302382265136,15003.288125027368,14890.545744561045,13794.99509744475,17977.00001457359
267.0,15651.788547496004,15055.35230632026,14943.059409746058,13846.508357033075,18073.000014515826
268.0,15711.439617680384,15107.624358813064,14995.781829110398,13898.341705933055,18162.000014458004
269.0,15771.256049960606,15160.104995538291,15048.71371588368,13950.496048754447,18238.000014405516
270.0,15831.238302746262,15212.79493097412,15101.855784734063,14002.972284954474,18322.000014348818
271.0,15891.386835717725,15265.69488103818,15155.20875176199,14055.771308792027,18400.00001429353
272.0,15951.702109829674,15318.805563081209,15208.773334493839,14108.894009282045,18492.000014241832
273.0,16012.184587314632,15372.12769588062,15262.55025187544,14162.341270150297,18557.000014188896
274.0,16072.834731686498,15425.661999633936,15316.540224265527,14216.113969788341,18622.00001413362
275.0,16133.653007744104,15479.409195952168,15370.743973429046,14270.212981208846,18674.000014078174
276.0,16194.639881574783,15533.37000785302,15425.162222530362,14324.639172001178,18746.000014024452
277.0,16255.795820557922,15587.545159754027,15479.795696126388,14379.393404287246,18828.000013972065
278.0,16317.12129336857,15641.93537746559,15534.645120159566,14434.476534677722,18908.00001392171
279.0,16378.616769981012,15696.541388183861,15589.711221950749,14489.889414228492,19000.000013872308
280.0,16440.282721672374,15751.363920483556,15644.994730191984,14545.632888397438,19078.00001381652
281.0,16502.119621026235,15806.403704310647,15700.496374939166,14601.707797001527,19155.000013760786
282.0,16564.127941936255,15861.661470974916,15756.216887604603,14658.1149741742,19233.000013697976
283.0,16626.308159609798,15917.137953142428,15812.157000949454,14714.855248323074,19312.000013641966
284.0,16688.660750571573,15972.833884827887,15868.317449076016,14771.929442087985,19396.000013592587
285.0,16751.186192667286,16028.750001386848,15924.698967419987,14829.33837229928,19460.000013535293
286.0,16813.88496506733,16084.887039507856,15981.302292742517,14887.082849936525,19540.000013479214
287.0,16876.757548270405,16141.245737204415,16038.128163122212,14945.16368008743,19607.000013423203
288.0,16939.80442410725,16197.826833806917,16095.177317946975,15003.581661907194,19691.00001337113
289.0,17003.026075744303,16254.631069954357,16152.450497905756,15062.337588578122,19773.00001331922
290.0,17066.42298768741,16311.659187586025,16209.948444980173,15121.432247269582,19848.0000132626
291.0,17129.99564578555,16368.911929932998,16267.671902436023,15180.866419098293,19925.000013217737
292.0,17193.74453723456,16426.39004150957,16325.621614814654,15240.640879088976,20004.00001316066
293.0,17257.670150580845,16484.094268104538,16383.798327924234,15300.756396135304,20068.00001310597
294.0,17321.772975725144,16542.025356772352,16442.202788830906,15361.213732961205,20120.00001306428
295.0,17386.053503926276,16600.18405582417,16500.83574584978,15422.013646082523,20205.0000130127
296.0,17450.512227804902,16658.571114818777,16559.697948535842,15483.156885769013,20267.000012956665
297.0,17515.14964134732,16717.187284553376,16618.790147674736,15544.644196006666,20363.000012917997
298.0,17579.966239909212,16776.033317054265,16678.11309527338,15606.476314460415,20437.000012860794
299.0,17644.962520219495,16835.10996556738,16737.66754455054,15668.65397243718,20503.00001280915
300.0,17710.138980384058,16894.417984548705,16797.454249927167,15731.177894849234,20560.000012749057
301.0,17775.49611988965,16953.958129654584,16857.473967016696,15794.048800178,20658.00001268694
302.0,17841.034439607654,17013.731157731872,16917.727452615192,15857.267400438126,20755.000012621873
303.0,17906.75444179796,17073.737826807966,16978.21546469133,15920.834401141967,20810.000012572982
304.0,17972.65663011279,17133.978896080727,17038.938762376325,15984.750501264407,20918.000012510187
305.0,18038.74150960058,17194.45512590825,17099.898105953635,16049.016393208078,20996.000012449687
306.0,18105.009586709835,17255.1672777985,17161.094256848603,16113.632762768897,21084.000012391225
307.0,18171.461369293007,17316.116114398847,17222.527977617956,16178.60028910201,21156.00001233798
308.0,18238.097366610404,17377.302399485416,17284.200031939145,16243.919644688081,21249.000012277316
309.0,18304.918089334074,17438.72689795238,17346.111184599577,16309.591495299981,21340.00001222308
310.0,18371.92404955176,17500.390375801024,17408.262201485704,16375.616499969812,21409.000012174274
311.0,18439.11576077073,17562.293600128767,17470.653849571972,16441.99531095634,21483.00001212583
312.0,18506.49373792183,17624.437339117972,17533.286896909645,16508.728573712782,21503.00001209285
313.0,18574.058497363352,17686.8223620247,17596.162112615482,16575.816926855005,21539.000012043813
314.0,18641.810556885022,17749.449439167223,17659.28026686028,16643.261002130028,21632.000011992437
315.0,18709.750435711954,17812.319341914495,17722.642130857315,16711.06142438504,21733.00001194133
316.0,18777.878654508626,17875.432842674443,17786.248476850546,16779.218811536648,21788.000011890992
317.0,18846.1957353829,17938.79071488211,17850.1000781028,16847.73377454061,21851.000011836084
318.0,18914.702201889995,18002.39373298768,17914.19770888374,16916.606917361925,21941.000011796415
319.0,18983.398579036497,18066.242672444343,17978.5421444577,16985.83883694535,22003.000011744956
320.0,19052.2853932844,18130.338309696042,18043.13416107143,17055.430123186186,22079.000011695876
321.0,19121.363172555146,18194.68142216505,18107.974535941616,17125.381358901617,22142.000011647455
322.0,19190.63244623362,18259.272788239425,18173.064047242322,17195.693119802312,22218.000011585413
323.0,19260.0937451723,18324.113187260304,18238.40347409226,17266.36597446449,22294.000011529253
324.0,19329.74760169522,18389.203399509075,18303.993596541935,17337.40048430238,22369.000011484935
325.0,19399.594549602123,18454.544206194372,18369.835195560598,17408.79720354099,22433.00001143646
326.0,19469.63512417252,18520.136389438958,18435.92905302314,17480.556679189423,22499.00001139032
327.0,19539.869862169813,18585.980732266446,18502.275951696723,17552.67945101443,22577.000011343684
328.0,19610.299301845385,18652.078018587854,18568.876675227362,17625.166051514483,22657.000011293905
329.0,19680.92398294274,18718.42903318804,18635.732008126306,17698.017005894195,22708.000011246404
330.0,19751.744446701632,18785.034561711982,18702.842735756298,17771.232832039157,22766.00001120865
331.0,19822.76123586223,18851.89539065089,18770.209644317663,17844.814040491125,22829.00001116203
332.0,19893.974894669227,18919.01230732819,18837.833520834243,17918.761134423723,22884.00001111123
333.0,19965.385968876093,18986.38609988535,18905.715153139212,17993.07460961841,22965.000011065807
334.0,20036.995005749195,19054.017557267525,18973.855329860697,18067.754954441003,23019.000011004013
335.0,20108.80255407199,19121.90746920911,19042.254840407273,18142.802649818437,23092.00001094544
336.0,20180.809164149272,19190.05662621908,19110.91447495332,18218.21816921608,23185.000010884432
337.0,20253.01538781135,19258.465819566216,19179.835024424166,18294.001978615393,23289.00001082227
338.0,20325.421778418306,19327.13584126414,19249.017280481126,18370.15453649196,23371.000010768144
339.0,20398.028890864225,19396.067484056228,19318.46203550638,18446.676293793993,23465.000010703858
340.0,20470.837281581422,19465.26154140035,19388.170082587687,18523.567693921228,23581.000010628846
341.0,20543.84750854475,19534.718807453457,19458.1422155029,18600.829172704187,23672.000010558022
342.0,20617.06013127585,19604.440077056,19528.379228704434,18678.461158383936,23792.00001049286
343.0,20690.47571084745,19674.426145716207,19598.881917303435,18756.464071592145,23890.000010416086
344.0,20764.094809887647,19744.677809594188,19669.651077053884,18834.83832533165,23987.000010349228
345.0,20837.91799258424,19815.19586548589,19740.687504336533,18913.584324957395,24099.000010277476
346.0,20911.94582468905,19885.98111080686,19811.991996142613,18992.70246815776,24206.000010215346
347.0,20986.17887352223,19957.03434357594,19883.565350057495,19072.193144936347,24275.000010151423
348.0,21060.61770797665,20028.35636239863,19955.408364244064,19152.05673759415,24371.000010074215
349.0,21135.26289852224,20099.94796645048,20027.52183742601,19232.29362071214,24472.000010005813
350.0,21210.11501721035,20171.809955460176,20099.90656887094,19312.90416113427,24560.00000993042
351.0,21285.174637678174,20243.943129692532,20172.5633583733,19393.888717950897,24652.00000986493
352.0,21360.44233515308,20316.348289931317,20245.493006237186,19475.24764248261,24750.000009812127
353.0,21435.918686457087,20389.026237461854,20318.696313258904,19556.98127826447,24842.00000974299
354.0,21511.604270011223,20461.977774053546,20392.174080709454,19639.08996103065,24938.000009672145
355.0,21587.499665840027,20535.203701942148,20465.92711031678,19721.57401869956,25035.000009603693
356.0,21663.605455575933,20608.70482381194,20539.9562042479,19804.433771359276,25111.000009544
357.0,21739.922222463763,20682.481942777682,20614.26216509082,19887.66953125345,25218.000009507712
358.0,21816.45055136516,20756.53586236643,20688.84579583634,19971.281602767656,25293.00000943532
359.0,21893.191028763133,20830.867386499165,20763.70789985961,20055.270282416088,25384.000009362524
360.0,21970.14424276648,20905.47731947228,20838.8492809016,20139.635858828697,25451.000009308387
361.0,22047.310783114357,20980.366465938838,20914.27074305033,20224.378612738776,25536.0000092597
362.0,22124.691241180735,21055.535630889746,20989.973090721964,20309.49881697088,25629.00000920748
363.0,22202.286209979007,21130.985619634655,21065.957128641763,20394.996736429268,25687.000009173724
364.0,22280.09628416646,21206.717237782785,21142.223661824748,20480.872628086625,25709.000009108226
365.0,22358.122060048874,21282.731291223503,21218.773495556346,20567.12674097334,25753.0000090366
366.0,22436.364135585085,21359.028586106768,21295.607435372738,20653.759316167096,25857.00000896762
367.0,22514.82311039156,21435.60992882339,21372.72628704109,20740.770586782863,25968.00000890292
368.0,22593.499585747,21512.47612598511,21450.13085653961,20828.160777963407,26072.000008844454
369.0,22672.394164596953,21589.62798440451,21527.821950037396,20915.930106870088,26215.000008771283
370.0,22751.5074515584,21667.06631107474,21605.800373874128,21004.078782674173,26320.000008700878
371.0,22830.84005292444,21744.791913149085,21684.06693453961,21092.607006548475,26430.0000086231
372.0,22910.3925766689,21822.805597920324,21762.622438653067,21181.514971659446,26529.000008554038
373.0,22990.16563245101,21901.10817279996,21841.46769294232,21270.802863159697,26647.000008481933
374.0,23070.15983162007,21979.700445297203,21920.603504222796,21360.47085818085,26779.000008409534
375.0,23150.37578722013,22058.583222997848,22000.03067937626,21450.519125826897,26869.000008333907
376.0,23230.81411399472,22137.757313542912,22079.7500253295,21540.94782716791,26968.000008267234
377.0,23311.47542839148,22217.223524607143,22159.762349032724,21631.757115234133,27052.000008201765
378.0,23392.360348566996,22296.982663877294,22240.06845743784,21722.947135010552,27114.00000814522
379.0,23473.46949439146,22377.035539030276,22320.66915747654,21814.51802343183,27190.000008085568
380.0,23554.80348745342,22457.38295771106,22401.56525603816,21906.4699093776,27267.00000802291
381.0,23636.3629510646,22538.025727510485,22482.75755994743,21998.802913668278,27344.00000796349
382.0,23718.148510264626,22618.964655942797,22564.24687594198,22091.51714906117,27429.000007904655
383.0,23800.160791825816,22700.200550423036,22646.034010649684,22184.61272024703,27521.00000784432
384.0,23882.400424258034,22781.734218244284,22728.119770565863,22278.089723847006,27617.000007787676
385.0,23964.868037813438,22863.56646655466,22810.5049620302,22371.94824841003,27702.000007724055
386.0,24047.56426449136,22945.698102334165,22893.190391203578,22466.188374410503,27766.000007669198
387.0,24130.489738043143,23028.129932371354,22976.176864044668,22560.810174246493,27860.00000761349
388.0,24213.645093976942,23110.862763239787,23059.465186286343,22655.813712238283,27953.000007559694
389.0,24297.030969562715,23193.89740127433,23143.05616341195,22751.19904462729,28027.000007497132
390.0,24380.648003836963,23277.234652547257,23226.950600631328,22846.966219575424,28097.000007443832
391.0,24464.496837607723,23360.875322844142,23311.149302856662,22943.115277164812,28186.000007383198
392.0,24548.578113459473,23444.820217639608,23395.653074678175,23039.646249397912,28270.00000732769
393.0,24632.892475757995,23529.070142072866,23480.46272033962,23136.559160198078,28345.00000726775
394.0,24717.440570655373,23613.62590092304,23565.57904371355,23233.854025410405,28433.000007218154
395.0,24802.223046094936,23698.488298584376,23651.00284827648,23331.530852803095,28462.000007160594
396.0,24887.240551816198,23783.658139041167,23736.73493708373,23429.589642069062,28559.000007097064
397.0,24972.493739359867,23869.136225842576,23822.77611274423,23528.03038482812,28648.00000703574
398.0,25057.983262072805,23954.923362077232,23909.127177395017,23626.853064629315,28760.00000698526
399.0,25143.709775113064,24041.02035034762,23995.788932675605,23726.05765695389,28838.000006921644
400.0,25229.673935454906,24127.427992744306,24082.76217970215,23825.64412921842,28924.00000685784
401.0,25315.8764018938,24214.147090819974,24170.047719041406,23925.61244077849,29015.00000678816
402.0,25402.317835051537,24301.178445563273,24257.64635068451,24025.96254293264,29116.000006728613
403.0,25488.99889738123,24388.52285737244,24345.55887402058,24126.694378926757,29198.000006664035
404.0,25575.920253172415,24476.18112602878,24433.7860878101,24227.807883958834,29282.00000661079
405.0,25663.08256855615,24564.154050669928,24522.328790158124,24329.302985184055,29349.00000655178
406.0,25750.486511510113,24652.442429762916,24611.187778487332,24431.179601720363,29457.000006500635
407.0,25838.13275186372,24741.047061077064,24700.363849510795,24533.437644654245,29539.00000644535
408.0,25926.021961303253,24829.968741656685,24789.85779920462,24636.077017047046,29610.000006402577
409.0,26014.15481337702,24919.208267793565,24879.6704227804,24739.09761394158,29694.000006334056
410.0,26102.53198350052,25008.76643499929,24969.802514657444,24842.49932236907,29773.000006276143
411.0,26191.154148961577,25098.644037977345,25060.254868434873,24946.282021356514,29804.000006252052
412.0,26280.021988925597,25188.841870595053,25151.028276863402,25050.44558193446,29844.0000062024
413.0,26369.136184440722,25279.360725855313,25242.123531817073,25154.989867145,29908.00000616167
414.0,26458.49741844307,25370.201395868113,25333.541424264662,25259.914732050256,29960.000006144302
415.0,26548.106375761956,25461.364671821917,25425.282744241023,25365.220023741214,30016.000006108992
416.0,26637.963743125176,25552.851343954786,25517.34828081815,25470.905581346793,30030.000006061568
417.0,26728.0702091642,25644.662201525345,25609.738822076033,25576.971236043508,30060.000006017774
418.0,26818.42646441953,25736.79803278356,25702.455155073396,25683.41681106519,30134.00000596714
419.0,26909.033201345934,25829.259624941315,25795.49806581819,25790.242121713334,30219.000005908572
420.0,26999.891114317783,25922.04776414278,25888.868339237888,25897.4469753676,30312.00000585432
421.0,27091.000899634368,26015.163235434626,25982.566759149602,26005.031171496812,30430.000005791215
422.0,27182.363255525197,26108.60682273599,26076.594108230045,26112.99450167018,30534.000005727583
423.0,27273.978882155418,26202.379308808308,26170.951167985204,26221.33674956898,30631.000005665923
424.0,27365.84848163114,26296.4814752249,26265.638718719892,26330.057690998456,30718.000005597678
425.0,27457.972758004784,26390.914102340397,26360.65753950709,26439.157093900205,30824.00000553131
426.0,27550.352417280577,26485.67796925997,26456.00840815708,26548.634718364792,30916.00000546606
427.0,27642.98816741984,26580.773853808358,26551.692101186443,26658.49031664475,31019.000005402882
428.0,27735.880718346496,26676.202532498697,26647.709393786747,26768.723633167923,31108.000005331294
429.0,27829.03078195252,26771.964780501185,26744.06105979317,26879.3344045511,31192.0000052649
430.0,27922.439072103298,26868.06137161152,26840.747871652817,26990.322359614067,31272.000005204034
431.0,28016.106304643217,26964.49307821915,26937.770600392938,27101.687219393873,31352.000005135364
432.0,28110.033197401084,27061.260671275373,27035.13001558892,27213.428697159557,31467.00000506839
433.0,28204.220470195607,27158.364920261178,27132.826885332015,27325.54649842707,31573.000004988156
434.0,28298.668844841006,27255.806593154957,27230.86197619701,27438.040320974633,31685.00000492067
435.0,28393.37904515242,27353.58645639998,27329.236053209577,27550.90985485837,31780.000004849982
436.0,28488.351796951552,27451.705274871692,27427.949879813525,27664.154782428242,31861.00000479356
437.0,28583.587828072195,27550.163811844846,27527.004217837763,27777.77477834432,31952.000004731595
438.0,28679.087868365794,27648.962828960393,27626.399827463232,27891.76950959341,32024.000004670903
439.0,28774.852649707085,27748.10308619222,27726.13746718939,28006.13863550592,32114.000004606012
440.0,28870.882905999635,27847.58534181369,27826.21789380081,28120.881807773123,32202.000004544807
441.0,28967.179373181534,27947.410352363986,27926.64186233332,28235.998670464644,32310.0000044838
442.0,29063.742789231008,28047.57887261425,28027.4101260401,28351.488860046327,32398.0000044207
443.0,29160.573894172063,28148.091655533597,28128.523436357595,28467.352005398374,32488.0000043581
444.0,29257.673430080184,28248.94945225484,28229.982542871126,28583.587727833798,32562.00000429566
445.0,29355.04214108798,28350.153012040097,28331.788193280416,28700.195641117178,32641.00000423425
446.0,29452.680773390923,28451.703082246207,28433.94113336489,28817.175351483675,32710.00000417657
447.0,29550.59007525308,28553.600408289924,28536.44210694879,28934.526457658456,32807.00000410785
448.0,29648.770797012774,28655.845733612932,28639.29185586609,29052.248550876233,32902.00000404308
449.0,29747.22369108843,28758.43979964673,28742.491119925216,29170.34121490129,32988.000003973706
450.0,29845.949511984276,28861.383345777223,28846.040636873637,29288.804026047706,33084.00000390763
451.0,29944.949016296116,28964.677109309225,28949.941142362186,29407.6365531998,33189.00000384916
452.0,30044.222962717213,29068.32182543072,29054.193369909244,29526.838357833014,33283.00000378585
453.0,30143.77211204401,29172.31822717698,29158.79805086472,29646.40899403494,33391.00000371313
454.0,30243.597227181985,29276.66704539445,29263.755914373873,29766.348008526766,33475.000003651854
455.0,30343.699073151554,29381.36900870448,29369.06768734093,29886.654940684824,33558.00000358243
456.0,30444.078417093835,29486.424843466877,29474.734094392465,30007.32932256261,33644.00000352183
457.0,30544.736028276624,29591.835273743258,29580.755857840715,30128.37067891291,33740.00000345685
458.0,30645.67267810023,29697.601021260238,29687.133697646626,30249.778527210343,33849.00000338566
459.0,30746.889140103405,29803.722805372403,29793.868331382695,30371.552377674034,33942.00000332442
460.0,30848.38618996928,29910.201343025165,29900.960474195726,30493.691733290707,34031.00000325458
461.0,30950.16460553128,30017.037348717353,30008.410838769327,30616.196089837904,34146.000003196954
462.0,31052.22516677912,30124.231534463706,30116.220135286225,30739.064935907496,34224.000003139874
463.0,31154.568655864787,30231.78460975715,30224.389071390484,30862.29775292963,34315.00000307731
464.0,31257.195857108476,30339.69728153087,30332.91835214942,30985.8940151966,34392.00000302147
465.0,31360.107557004667,30447.970254120268,30441.80868001545,31109.853189887297,34461.000002957735
466.0,31463.304544228136,30556.6042292247,30551.060754787708,31234.174737091726,34557.00000290749
467.0,31566.78760963994,30665.59990586905,30660.675273573477,31358.858109835834,34635.00000284181
468.0,31670.55754629359,30774.957980365118,30770.65293074949,31483.902754106603,34680.00000278117
469.0,31774.615149441015,30884.679146272872,30880.99441792301,31609.308108877358,34704.000002717905
470.0,31878.961216538737,30994.764094361486,30991.70042389275,31735.0736061333,34796.00000265594
471.0,31983.59654725394,31105.213512570226,31102.771634609668,31861.19867089732,34937.0000025951
472.0,32088.5219434706,31216.028085969152,31214.208733137493,31987.682721256104,35060.000002539615
473.0,32193.73820929567,31327.208496719693,31326.012399613173,32114.525168386324,35152.00000247015
474.0,32299.246151065185,31438.75542403498,31438.183311207104,32241.725416581205,35242.000002406225
475.0,32405.046577350477,31550.669544140088,31550.722142083207,32369.282863277243,35346.00000233625
476.0,32511.140298964383,31662.951530232065,31663.62956335883,32497.196899081227,35445.00000227396
477.0,32617.528128967402,31775.602052439808,31776.9062430645,32625.466907797367,35551.0000022042
478.0,32724.210882674008,31888.62177778377,31890.55284610346,32754.092266454816,35639.000002137545
479.0,32831.18937765883,32002.01137013552,32004.570034211127,32883.07234533521,35714.00000206957
480.0,32938.46443376293,32115.77149017712,32118.958465914307,33012.406508000684,35800.00000201524
481.0,33046.03687310012,32229.90279536038,32233.71879649028,33142.09411132177,35887.00000194894
482.0,33153.907520063236,32344.405939865883,32348.851677925755,33272.13450550592,35970.00000188931
483.0,33262.07720133046,32459.28157456193,32464.357758875583,33402.5270341258,36074.00000182385
484.0,33370.54674587164,32574.53034696329,32580.237684621425,33533.27103414819,36150.000001761604
485.0,33479.31698495467,32690.152901189776,32696.492097030146,33664.3658359628,36239.00000170293
486.0,33588.388752151855,32806.14987792473,32813.12163451214,33795.81076341149,36322.00000164129
487.0,33697.76288334629,32922.521914373254,32930.12693197949,33927.605133817546,36398.000001577006
488.0,33807.440216738236,33039.26964422043,33047.50862080389,34059.74825801527,36502.00000151479
489.0,33917.42159285164,33156.39369758924,33165.26732877454,34192.239440379686,36584.000001460365
490.0,34027.70785454046,33273.894700998455,33283.40368005587,34325.077978856454,36664.000001399734
491.0,34138.2998469952,33391.7732773203,33401.91829514493,34458.26316499209,36748.00000133908
492.0,34249.19841774936,33510.03004573804,33520.81179082897,34591.794283964155,36855.000001276894
493.0,34360.40441668592,33628.66562170335,33640.08478014255,34725.67061461185,36936.00000121156
494.0,34471.9186960439,33747.6806168936,33759.737872324695,34859.89142946666,37013.00000115259
495.0,34583.742110424835,33867.075639168965,33879.771672775874,34994.45599478323,37100.000001101514
496.0,34695.875516799344,33986.851292529434,34000.186783014775,35129.363570570466,37157.000001035085
497.0,34808.319774513744,34107.00817707164,34120.98380063501,35264.61341062267,37257.000000978514
498.0,34921.07574529654,34227.54688894556,34242.163319261694,35400.20476255103,37340.000000917
499.0,35034.144293265126,34348.46802031113,34363.72592850779,35536.13686781516,37423.00000085988
500.0,35147.52628493234,34469.77215929465,34485.672213930426,35672.40896175488,37519.000000797954
501.0,35261.222589213125,34591.45988994511,34608.00275698704,35809.02027362207,37603.00000074232
502.0,35375.234077431225,34713.531792190406,34730.71813499137,35945.97002661278,37684.000000680484
503.0,35489.5616233258,34835.98844179335,34853.81892106937,36083.257437899505,37772.000000617954
504.0,35604.20610305815,34958.830410307644,34977.30568411492,36220.88171866359,37858.00000055821
505.0,35719.16839521846,35082.05826503367,35101.17898874552,36358.84207412772,37945.000000500884
506.0,35834.44938083246,35205.67256897418,35225.43939525778,36497.1377035887,38013.000000440945
507.0,35950.04994336828,35329.67388078986,35350.087459582755,36635.767800450325,38103.000000380416
508.0,36065.9709687431,35454.06275475481,35475.12373324132,36774.73155225638,38192.00000033661
509.0,36182.21334533004,35578.83974071186,35600.548763299244,36914.028140723836,38256.00000027399
510.0,36298.77796396492,35704.00538402779,35726.363092322244,37053.65674177613,38329.00000021829
511.0,36415.66571795308,35829.56022554845,35852.56725833095,37193.61652557667,38427.00000016424
512.0,36532.877503076284,35955.50480155375,35979.161794755666,37333.90665656235,38511.00000010544
513.0,36650.4142175995,36081.83964371257,36106.14723039112,37474.5262934774,38593.000000050684
514.0,36768.276762277834,36208.56527903755,36233.52408935106,37615.47458940721,38675.99999998979
515.0,36886.46604036345,36335.68222983978,36361.29289102272,37756.75069181229,38752.999999931424
516.0,37004.98295761245,36463.19101368336,36489.454150021265,37898.35374256248,38826.99999988061
517.0,37123.82842229184,36591.09214333992,36618.00837614402,38040.282877971185,38902.99999982287
518.0,37243.00334518647,36719.386126743004,36746.956074324735,38182.537228829766,38980.99999976391
519.0,37362.50863960604,36848.07346694233,36876.29774458764,38325.1159204421,39044.99999972392
520.0,37482.345221392105,36977.15466205808,37006.03388200147,38468.018072659106,39106.99999968231
521.0,37602.51400892504,37106.63020523493,37136.1649766334,38611.24279991363,39128.99999963498
522.0,37723.01592313113,37236.50058459612,37266.691513502854,38754.789211255265,39190.99999959115
523.0,37843.85188748964,37366.76628319741,37397.61397253521,38898.65641038534,39280.99999953264
524.0,37965.0228280398,37497.42777898092,37528.93282851558,39042.84349569198,39380.99999948104
525.0,38086.529673388024,37628.485544728916,37660.64855104226,39187.34956028542,39451.99999942317
526.0,38208.373354714946,37759.940048017546,37792.761604480285,39332.17369203318,39540.99999936697
527.0,38330.55480578256,37891.79175117044,37925.2724479149,39477.314973595654,39624.99999932211
528.0,38453.07496294145,38024.04111121228,38058.18153510481,39622.77248246146,39691.9999992614
529.0,38575.93476513784,38156.68857982229,38191.489314435574,39768.54529098317,39769.999999207255
530.0,38699.135153920906,38289.73460328765,38325.196228872715,39914.63246641302,39858.99999916267
531.0,38822.677073449944,38423.17962245691,38459.30271591496,40061.033070938676,39936.99999911
532.0,38946.561470501576,38557.02407269321,38593.80920754725,40207.74616171922,39997.999999052634
533.0,39070.78929447708,38691.26838382757,38728.71613019382,40354.77079092106,40070.999999015155
534.0,39195.36149740958,38825.91298011207,38864.023904671136,40502.106005754045,40147.99999896341
535.0,39320.27903397141,38960.95828017296,38999.732946140815,40649.75084850772,40219.99999890615
536.0,39445.542861481415,39096.404696963764,39135.84366406252,40797.70435658748,40266.999998861604
537.0,39571.153939912234,39232.25263771831,39272.356462146694,40945.965562550926,40324.99999881745
538.0,39697.11323189776,39368.50250390369,39409.271738307434,41094.53349414432,40390.999998766085
539.0,39823.421702740416,39505.15469117326,39546.58988461511,41243.40717433903,40460.99999871701
540.0,39950.08032041858,39642.20958931948,39684.31128724916,41392.585621368155,40522.9999986679
541.0,40077.090055594075,39779.667582226866,39822.43632645063,41542.067848763116,40605.99999861707
542.0,40204.4518816195,39917.52904782474,39960.96537647486,41691.85286539035,40674.999998570995
543.0,40332.16677454576,40055.79435804015,40099.898805544035,41841.93967548818,40728.99999852371
544.0,40460.235713129536,40194.463878750525,40239.23697579976,41992.327278703524,40817.999998475665
545.0,40588.65967884073,40333.537969736535,40378.980243255566,42143.01467012894,40887.99999842528
546.0,40717.439655870105,40473.016984634785,40519.12895774945,42294.00084033948,40956.99999837513
547.0,40846.5766311367,40612.90127089055,40659.68346289633,42445.284775429755,41004.99999831958
548.0,40976.07159429545,40753.19116971047,40800.64409604056,42596.86545705102,41090.9999982696
549.0,41105.925537744784,40893.88701601527,40942.01118820836,42748.74186244829,41172.99999822123
550.0,41236.13945663422,41034.98913839241,41083.78506406026,42900.912964497584,41253.99999816882
551.0,41366.71434887198,41176.4978590488,41225.96604184361,43053.377731743065,41326.99999811036
552.0,41497.651215132624,41318.41349376347,41368.55443334497,43206.135128434435,41399.99999805878
553.0,41628.95105886476,41460.73635184028,41511.550543842546,43359.18411456415,41481.99999800567
554.0,41760.614886298725,41603.46673606056,41654.95467205871,43512.52364590486,41546.99999795799
555.0,41892.643706454255,41746.604942635844,41798.7671101124,43666.152674046876,41622.99999790286
556.0,42025.03853114825,41890.151261160594,41942.988143471615,43820.070146435464,41690.99999784479
557.0,42157.800375002545,42034.10597456489,42087.6180509059,43974.27500640851,41781.99999778386
558.0,42290.93025545164,42178.46935906719,42232.65710443882,44128.76619323391,41864.99999772168
559.0,42424.42919275056,42323.241684127104,42378.10556930057,44283.5426421472,41946.999997670726
560.0,42558.29820998259,42468.42321239823,42523.963703880414,44438.60328438912,42031.99999760897
561.0,42692.53833306719,42614.01419968088,42670.231759679344,44593.94704724325,42108.99999755948
562.0,42827.15059076783,42760.01489487504,42816.90998126269,44749.5728540736,42202.9999974927
563.0,42962.136014699856,42906.425539933196,42963.99860621272,44905.47962436236,42282.99999743944
564.0,43097.495639338435,43053.24636981329,43111.49786508139,45061.66627374749,42355.99999738206
565.0,43233.23050202644,43200.47761243175,43259.407981343014,45218.13171406053,42449.999997318446
566.0,43369.34164298243,43348.11948861643,43407.7291713471,45374.87485336425,42534.99999726255
567.0,43505.830105308625,43496.172212059755,43556.46164427116,45531.8945959904,42595.99999720736
568.0,43642.696934998865,43644.63598927185,43705.60560207359,45689.189842577536,42682.99999715558
569.0,43779.94318094666,43793.51101953369,43855.161239446614,45846.75949010871,42751.999997112754
570.0,43917.56989495322,43942.79749485043,44005.128743769325,46004.60243194925,42829.99999706267
571.0,44055.5781317355,44092.49559990467,44155.50829506069,46162.71755788464,42901.99999702128
572.0,44193.968948934315,44242.605512009875,44306.30006593278,46321.103754158205,42953.99999699579
573.0,44332.74340712241,44393.12740106385,44457.50422154394,46479.759903508995,42967.99999694276
574.0,44471.9025698126,44544.06142950229,44609.120919552035,46638.68488520949,42996.99999689497
575.0,44611.44750346594,44695.407752252395,44761.150310067984,46797.87757510349,43085.99999684893
576.0,44751.37927749989,44847.16651668661,44913.59253560905,46957.33684564387,43179.999996801445
577.0,44891.69896429644,44999.33786257644,45066.4477310525,47117.06156593037,43270.99999674906
578.0,45032.407639210476,45151.92192204629,45219.716023589244,47277.05060174745,43349.99999668839
579.0,45173.50638057788,45304.91881952759,45373.39753267753,47437.30281560193,43421.9999966354
580.0,45314.99626972388,45458.328671712785,45527.49236999686,47597.81706676095,43499.999996584265
581.0,45456.87839097128,45612.151587509594,45682.00063940193,47758.59221128955,43569.99999652737
582.0,45599.1538316488,45766.38766799535,45836.922436876644,47919.62710208858,43632.9999964712
583.0,45741.82368209944,45921.0370063714,45992.2578504884,48080.920588932335,43723.99999641822
584.0,45884.88903568876,46076.0996879177,46148.00696034227,48242.47151850626,43787.99999636252
585.0,46028.35098881333,46231.57578994748,46304.16983853552,48404.27873444472,43878.99999631222
586.0,46172.21064090907,46387.46538176206,46460.74654911216,48566.34107736865,43939.99999626118
587.0,46316.469094459724,46543.768524605766,46617.73714801755,48728.65738492321,44006.99999621332
588.0,46461.127455005335,46700.485271621066,46775.14168305331,48891.226491815374,44083.99999616284
589.0,46606.1868311506,46857.61566780372,46932.960193832216,49054.04722985166,44157.99999611284
590.0,46751.648334573474,47015.15974995818,47091.19271173336,49217.118427975554,44238.99999605887
591.0,46897.5130800337,47173.117546653106,47249.83925985739,49380.438912305195,44310.99999600755
592.0,47043.782185381235,47331.48907817704,47408.89985298188,49544.00750617082,44384.99999595069
593.0,47190.45677156495,47490.27435649416,47568.37449751695,49707.82303015227,44471.99999588588
594.0,47337.53796264114,47649.47338520039,47728.263191460996,49871.88430211644,44555.99999583475
595.0,47485.02688578213,47809.08615947944,47888.56592435651,50036.19013725474,44620.999995778795
596.0,47632.924671285014,47969.1126660592,48049.28267724631,50200.739348120405,44715.99999571832
597.0,47781.23245258017,48129.552883168166,48210.41342262958,50365.53074466589,44785.99999567216
598.0,47929.951366240064,48290.40678049226,48371.95812441845,50530.56313428014,44859.99999561993
599.0,48079.082551987936,48451.67431913151,48533.916737894586,50695.835321825856,44944.99999556118
600.0,48228.62715270645,48613.35545155726,48696.28920966591,50861.346109676786,45005.99999550954
601.0,48378.586314446606,48775.45012156933,48859.07547762364,51027.09429775473,45094.999995452716
602.0,48528.961186436376,48937.958264253524,49022.27547089957,51193.07868356679,45176.99999539987
603.0,48679.75292108956,49100.87980593919,49185.889109823314,51359.29806224242,45253.99999533426
604.0,48830.96267401469,49264.21466415719,49349.916305880004,51525.75122657041,45339.99999527669
605.0,48982.591604023786,49427.96274759787,49514.35696166809,51692.43696703589,45436.999995211925
606.0,49134.64087314129,49592.12395606939,49679.21097085739,51859.354071857226,45520.99999515654
607.0,49287.11164661293,49756.69818045625,49844.478218147284,52026.5013270229,45578.99999510711
608.0,49440.005092914704,49921.685302677986,50010.15857922533,52193.8775163283,45659.999995051585
609.0,49593.32238376182,50087.08519564812,50176.251920725794,52361.48142141245,45757.99999499241
610.0,49747.06469411762,50252.897723233444,50342.75810018877,52529.311821794756,45846.99999492042
611.0,49901.23320220269,50419.12274021333,50509.676966019266,52697.36749491156,45935.999994855454
612.0,50055.82908950376,50585.76009223954,50677.00835744671,52865.647216152734,46016.99999479694
613.0,50210.853540782846,50752.80961579606,50844.752104484614,53034.149758898166,46094.99999474038
614.0,50366.30774408637,50920.27113815933,51012.90802789044,53202.87389455423,46174.999994687845
615.0,50522.19289075412,51088.14447735871,51181.47593912598,53371.81839259009,46257.99999463002
616.0,50678.5101754285,51256.429442137145,51350.455640317654,53540.98202057406,46329.99999457757
617.0,50835.26079606367,51425.125831912155,51519.84692421732,53710.363544209795,46407.999994529266
618.0,50992.445953934664,51594.23343673711,51689.64957416329,53879.961727372414,46474.99999447534
619.0,51150.066853646684,51763.752037262726,51859.86336404162,54049.775332144694,46546.99999441665
620.0,51308.12470314425,51933.681404698895,52030.488058247676,54219.803118852964,46615.9999943738
621.0,51466.62071372049,52104.02130077678,52201.52341164798,54390.043846103064,46684.99999433987
622.0,51625.55610002647,52274.7714777112,52372.96916954242,54560.49627081627,46764.99999428865
623.0,51784.93208008041,52445.931678163324,52544.82506762665,54731.159148265,46841.999994240075
624.0,51944.74987527709,52617.501635203655,52717.0908319549,54902.03123210851,46905.99999419862
625.0,52105.0107103972,52789.481072275354,52889.766178903,55073.11127442861,46926.99999415618
626.0,52265.715813616676,52961.869703157776,53062.850815131824,55244.39802576508,46962.99999409822
627.0,52426.86641651618,53134.667231930485,53236.34443755091,55415.890235151164,47060.999994044
628.0,52588.46375409052,53307.87335293746,53410.24673328257,55587.58665014902,47153.99999398933
629.0,52750.509064758044,53481.48775075163,53584.557379626145,55759.4860168849,47235.99999393669
630.0,52913.00359037027,53655.51010013986,53759.27604402281,55931.587080084355,47331.9999938722
631.0,53075.94857622124,53829.94006602809,53934.40238402047,56103.88858310742,47410.99999383819
632.0,53239.345271057224,54004.77730346702,54109.93604723923,56276.38926798357,47470.99999378449
633.0,53403.19492708616,54180.021457597955,54285.87667133703,56449.08787544665,47541.99999372821
634.0,53567.4987999873,54355.67216361909,54462.22388397579,56621.98314496977,47608.99999369191
635.0,53732.258148920875,54531.72904675224,54638.97730278777,56795.073814799965,47666.99999364435
636.0,53897.47423653767,54708.19172220963,54816.13653534234,56968.35862199289,47744.99999358574
637.0,54063.14832898876,54885.05979516147,54993.701179113246,57141.83630244744,47807.999993531186
638.0,54229.28169593517,55062.332860703544,55171.670821445965,57315.505590940054,47884.999993481135
639.0,54395.87561055762,55240.010503825346,55350.045039525816,57489.36522115923,47965.9999934291
640.0,54562.93134956631,55418.0922993786,55528.823400346,57663.41392573968,48043.99999337028
641.0,54730.450193210665,55596.577812046045,55708.00546067651,57837.650436296564,48109.99999332536
642.0,54898.43342528915,55775.46659631075,55887.59076703305,58012.0734834595,48174.999993273545
643.0,55066.88233315917,55954.75819642574,56067.5788556465,58186.681796906574,48258.999993215155
644.0,55235.7982077468,56134.45214638406,56247.96925243287,58361.47410539817,48336.999993161204
645.0,55405.182343556844,56314.547969889216,56428.76147296347,58536.44913681068,48423.999993100384
646.0,55575.03603868265,56495.045180326015,56609.95502243566,58711.60561817029,48518.9999930405
647.0,55745.360594816055,56675.94328073187,56791.549395643866,58886.94227568634,48595.9999929802
648.0,55916.15731725744,56857.24176376846,56973.54407695121,59062.45783478491,48684.99999291457
649.0,56087.42751492565,57038.94011169388,57155.93854026136,59238.15102014207,48775.99999285285
650.0,56259.17250036804,57221.037796335135,57338.73224899096,59414.02055571709,48872.999992791694
651.0,56431.3935897706,57403.53427906116,57521.92465604236,59590.06516478566,48958.99999272794
652.0,56604.092102967974,57586.429010756205,57705.51520377703,59766.28356997272,49030.999992671146
653.0,56777.269363453575,57769.7214317937,57889.50332398905,59942.674493285485,49115.999992614314
654.0,56950.92669838976,57953.41097201054,58073.88843787941,60119.23665614613,49208.99999256045
655.0,57125.065438617996,58137.497050681864,58258.66995603057,60295.96877942452,49282.99999250338
656.0,57299.68691866904,58321.97907649623,58443.84727838149,60472.86958347074,49364.99999242775
657.0,57474.79247677317,58506.85644753131,58629.41979420316,60649.93778814747,49476.999992354264
658.0,57650.38345487048,58692.12855123001,58815.386882074665,60827.172112862325,49570.999992280165
659.0,57826.4611986211,58877.79476437707,59001.74790985957,61004.57127660014,49666.9999922054
660.0,58003.027057415544,59063.85445307617,59188.502234682914,61182.13399795489,49787.999992133155
661.0,58180.08238438506,59250.30697272746,59375.649202908615,61359.858995161776,49912.99999205319
662.0,58357.628536411976,59437.15166800562,59563.1881501174,61537.74498612902,50032.99999197411
663.0,58535.66687414011,59624.38787283837,59751.11840108525,61715.7906884696,50160.999991907294
664.0,58714.19876198523,59812.01491038554,59939.43926976224,61893.994819532854,50254.9999918226
665.0,58893.225568145404,60000.03209301851,60128.150059252,62072.3560964359,50326.99999173889
666.0,59072.74866461166,60188.43872230036,60317.25006179166,62250.873236095016,50430.999991651755
667.0,59252.769427178304,60377.234088966274,60506.73855873216,62429.54495525697,50576.99999156696
668.0,59433.2892354536,60566.417472904664,60696.61482051937,62608.369970529966,50701.9999914852
669.0,59614.309472870336,60755.98814313871,60886.87810667537,62787.34699841475,50828.999991397446
670.0,59795.83152669633,60945.94535780842,61077.52766578062,62966.47475533536,50939.99999129544
671.0,59977.85678804516,61136.288364153246,61268.5627354563,63145.75195767001,51077.99999119965
672.0,60160.38665188677,61327.01639849522,61459.9825423475,63325.17732178145,51216.99999110116
673.0,60343.42251705821,61518.12868622266,61651.78630210675,63504.74956404773,51369.99999099804
674.0,60526.96578627429,61709.62444177427,61843.97321937817,63684.46740089232,51535.99999090223
675.0,60711.01786613837,61901.50286862399,62036.542487782106,63864.32954881442,51712.99999079607
676.0,60895.58016715315,62093.76315926624,62229.49328990045,64044.334724419015,51854.99999069909
677.0,61080.654103731475,62286.40449520175,62422.824797262314,64224.48164444687,51922.999990602155
678.0,61266.241094207115,62479.426046924,62616.53617033047,64404.769025804315,52055.999990536635
679.0,61452.34256084573,62672.82697390617,62810.62655848823,64585.19558559296,52245.999990406366
680.0,61638.959929855715,62866.60642458859,63005.09510002685,64765.760041139234,52421.999990282195
681.0,61826.094631399115,63060.76353636692,63199.94092213373,64946.46111002386,52594.99999016014
682.0,62013.74809960263,63255.297435580746,63395.163140880875,65127.29751011105,52765.9999900395
683.0,62201.921772568574,63450.20723750284,63590.760861214236,65308.267959577795,52950.999989908974
684.0,62390.61709238589,63645.49204632896,63786.73317694342,65489.37117694281,53106.999989798926
685.0,62579.835505141265,63841.15095516826,63983.07917073208,65670.60588109538,53285.99998967264
686.0,62769.57846093012,64037.183046034246,64179.79791408893,65851.97079132423,53482.99998953365
687.0,62959.847413867785,64233.58738983636,64376.88846735925,66033.46462734605,53697.99998938196
688.0,63150.64382210061,64430.36304637216,64574.349879717134,66215.08610933405,53909.9999892324
689.0,63341.96914781717,64627.50906432007,64772.181189158146,66396.83395794616,54102.999989096235
690.0,63533.82485725946,64825.02448123276,64970.38142249285,66578.70689435347,54330.99998893538
691.0,63726.2124207341,65022.90832353109,65168.949595340666,66760.70364026804,54519.99998880203
692.0,63919.13331262367,65221.15960649878,65367.884712124556,66942.82291797103,54672.99998869409
693.0,64112.589011397955,65419.77733427748,65567.18576606625,67125.06345034034,54864.99998855864
694.0,64306.580999625236,65618.76049986269,65766.85173918205,67307.42396087838,55065.999988416836
695.0,64501.1107639838,65818.10808510013,65966.88160227935,67489.90317373951,55260.999988279254
696.0,64696.17979527317,66017.81906068286,66167.27431495374,67672.49981375739,55488.9999881184
697.0,64891.789588425614,66217.8923861489,66368.0288255867,67855.21260647225,55786.99998790816
698.0,65087.9416425176,66418.32700987959,66569.14407134408,68038.04027815803,56058.999987716255
699.0,65284.63746078125,66619.12186909854,66770.61897817499,68220.98155584917,56274.99998756387
700.0,65481.878550615904,66820.2758898712,66972.45246081155,68404.03516736749,56527.99998738538
701.0,65679.66642359963,67021.78798710514,67174.64342276916,68587.19984134898,56835.99998716808
702.0,65878.00259550082,67223.65706455083,67377.19075634757,68770.47430727005,57094.999986985364
703.0,66076.88858628985,67425.88201480324,67580.09334263224,68953.85729547415,57327.99998682096
704.0,66276.32592015063,67628.461719304,67783.35005149692,69137.34753719781,57633.99998660508
705.0,66476.31612549243,67831.3950483442,67986.95974160633,69320.94376459692,57921.9999864019
706.0,66676.86073496146,68034.6808610679,68190.92126041994,69504.64471077241,58269.99998615638
707.0,66877.96128545262,68238.31800547626,68395.23344419607,69688.4491097963,58585.999985933435
708.0,67079.61931812142,68442.30531843232,68599.89511799696,69872.35569673724,58864.99998573661
709.0,67281.83637839563,68646.64162566653,68804.90509569427,70056.36320768598,59151.999985534116
710.0,67484.61401598719,68851.32574178277,69010.2621799754,70240.47037978083,59463.999985314
711.0,67687.95378490411,69056.35647026531,69215.96516235045,70424.67595123276,59783.99998508824
712.0,67891.85724346232,69261.7326034862,69422.01282315982,70608.97866135053,60096.99998486742
713.0,68096.32595429772,69467.4529227134,69628.40393158258,70793.37725056562,60395.99998465647
714.0,68301.36148437797,69673.51619811969,69835.13724564541,70977.87046045702,60748.99998440742
715.0,68506.96540501466,69879.92118879214,70042.21151223232,71162.4570337758,61040.99998420142
716.0,68713.13929187537,70086.66664274229,70249.62546709504,71347.13571446962,61365.99998397213
717.0,68919.88472499556,70293.7512969171,70457.37783486408,71531.90524770707,61693.999983740716
718.0,69127.20328879086,70501.17387721046,70665.46732906051,71716.76437990181,62031.99998350226
719.0,69335.09657206915,70708.9330984755,70873.89265210839,71901.71185873679,62339.99998328496
720.0,69543.56616804271,70917.02766453751,71082.65249534803,72086.74643318781,62702.99998302887
721.0,69752.6136743405,71125.45626820758,71291.74553904968,72271.86685354763,63131.9999827262
722.0,69962.24069302026,71334.21759129698,71501.17045242834,72457.07187144927,63581.99998240872
723.0,70172.44883058098,71543.31030463222,71710.9258936588,72642.36023988962,64001.99998211241
724.0,70383.23969797508,71752.73306807072,71921.01050989183,72827.73071325272,64411.99998182316
725.0,70594.61491062085,71962.48453051735,72131.42293727075,73013.18204733287,64898.99998147957
726.0,70806.57608841461,72172.56332994152,72342.16180094884,73198.71299935764,65267.99998121925
727.0,71019.12485574346,72382.96809339506,72553.22571510758,73384.32232801068,65673.9999809328
728.0,71232.26284149753,72593.69743703073,72764.61328297529,73570.00879345457,66116.99998062025
729.0,71445.99167908235,72804.74996612163,72976.32309684687,73755.77115735324,66508.99998034371
730.0,71660.31300643165,73016.12427508103,73188.35373810401,73941.60818289442,66969.99998001846
731.0,71875.22846601976,73227.8189474832,73400.70377723609,74127.51863481179,67404.99997971156
732.0,72090.7397048741,73439.83255608467,73613.37177386205,74313.50127940731,67882.99997937433
733.0,72306.84837458798,73652.16366284652,73826.35627675272,74499.55488457298,68417.9999789969
734.0,72523.55613133326,73864.8108189571,74039.65582385397,74685.67821981273,68835.99997870199
735.0,72740.86463587279,74077.77256485568,74253.26894231068,74871.87005626406,69294.99997837815
736.0,72958.77555357343,74291.04743025659,74467.1941484913,75058.12916671953,69738.99997806492
737.0,73177.29055441872,74504.63393417437,74681.42994801313,75244.45432564821,70211.99997773122
738.0,73396.41131302163,74718.53058494942,74895.97483576852,75430.84430921673,70689.99997739398
739.0,73616.13950863732,74932.73588027437,75110.82729595153,75617.29789531045,71167.99997705674
740.0,73836.47682517626,75147.2483072214,75325.98580208555,75803.8138635544,71650.99997671599
741.0,74057.4249512169,75362.06634226993,75541.4488170515,75990.3909953339,72112.99997639003
742.0,74278.98558001868,75577.18845133536,75757.21479311683,76177.02807381532,72564.99997607117
743.0,74501.16040953506,75792.61308979832,75973.28217196524,76363.7238839664,73046.99997573109
744.0,74723.95114242654,76008.33870253482,76189.64938472716,76550.47721257673,73517.9999753988
745.0,74947.35948607349,76224.36372394692,76406.31485201087,76737.28684827773,73993.999975063
746.0,75171.3871525896,76440.68657799425,76623.27698393444,76924.15158156275,74351.9999748104
747.0,75396.03585883472,76657.30567822624,76840.53418015841,77111.07020480701,74841.9999744647
748.0,75621.30732642805,76874.21942781517,77058.08482991917,77298.04151228712,75293.99997414582
749.0,75847.2032817615,77091.42621958967,77275.92731206301,77485.06430020081,75775.99997380578
750.0,76073.72545601273,77308.92443606928,77494.05999508103,77672.13736668626,76248.99997347205
751.0,76300.87558515856,77526.71244949944,77712.4812371447,77859.2595118414,76731.99997313127
752.0,76528.65540998812,77744.78862188743,77931.18938614218,78046.42953774298,77210.99997279336
753.0,76757.06667611633,77963.15130503902,78150.18277971538,78233.64624846558,77692.99997245328
754.0,76986.11113399727,78181.7988405955,78369.45974529773,78420.90845010044,78175.99997211254
755.0,77215.79053893745,78400.729560072,78589.01860015267,78608.21495077401,78661.99997176966
756.0,77446.10665110945,78619.94178489609,78808.85765141294,78795.56456066665,79153.99997142256
757.0,77677.06123556533,78839.43382644725,79028.9751961205,78982.95609203089,79626.99997108884
758.0,77908.65606225005,79059.20398609711,79249.36952126735,79170.3883592096,80128.99997073467
759.0,78140.89290601524,79279.25055525034,79470.03890383676,79357.86017865411,80629.99997038124
760.0,78373.7735466327,79499.57181538624,79690.98161084567,79545.37036894227,81117.99997003695
761.0,78607.29976880788,79720.16603810125,79912.1958993874,79732.917750796,81625.99996967854
762.0,78841.47336219391,79941.03148515175,80133.68001667541,79920.50114709903,82102.99996934204
763.0,79076.296121405,80162.16640849819,80355.43220008755,80108.11938291442,82590.99996899773
764.0,79311.7698460304,80383.56905034927,80577.45067721113,80295.77128550176,83088.99996864639
765.0,79547.89634064799,80605.23764320741,80799.7336658888,80483.45568433455,83586.99996829504
766.0,79784.67741483827,80827.17040991453,81022.27937426497,80671.171411117,84086.99996794228
767.0,80022.11488319826,81049.3655636988,81245.0860008331,80858.91729980106,84584.99996759093
768.0,80260.21056535518,81271.82130822192,81468.15173448368,81046.69218660324,85092.99996723255
769.0,80498.96628598066,81494.53583762729,81691.47475455281,81234.49491002098,85589.99996688192
770.0,80738.38387480458,81717.50733658865,81915.05323087171,81422.32431084929,86174.99996646919
771.0,80978.46516662906,81940.73398035966,82138.88532381675,81610.17923219694,86674.99996611643
772.0,81219.2120013426,82164.21393482409,82362.96918436022,81798.05851950274,87143.99996578554
773.0,81460.62622393428,82387.94535654661,82587.30295412199,81985.96102055136,87635.99996543843
774.0,81702.70968450757,82611.92639282456,82811.88476542167,82173.88558548939,88112.9999651019
775.0,81945.46423829485,82836.15518174005,83036.71274133146,82361.83106684098,88557.99996478796
776.0,82188.89174567148,83060.62985221301,83261.78499573002,82549.79631952327,89048.99996444157
777.0,82432.99407217011,83285.34852405495,83487.09963335663,82737.78020086214,89530.99996410152
778.0,82677.77308849478,83510.3093080232,83712.65474986621,82925.7815706071,89861.99996386797
779.0,82923.23067053557,83735.51030587603,83938.4484318853,83113.79929094679,90331.9999635364
780.0,83169.36869938282,83960.94961042838,84164.47875706818,83301.83222652374,90839.999963178
781.0,83416.18906134141,84186.62530560832,84390.74379415429,83489.87924444932,91265.99996287744
782.0,83663.69364794549,84412.5354665141,84617.24160302577,83677.93921431835,91628.99996262134
783.0,83911.88435597281,84638.67815947198,84843.9702347663,83866.01100822387,92035.9999623342
784.0,84160.76308745921,84865.05144209464,85070.92773171992,84054.09350077123,92493.99996201108
785.0,84410.33174971332,85091.65336334042,85298.11212755111,84242.18556909272,92919.99996171052
786.0,84660.59225533123,85318.48196357295,85525.52144730535,84430.28609286141,93415.9999613606
787.0,84911.54652221083,85545.53527462178,85753.15370747019,84618.39395430536,93877.99996103466
788.0,85163.19647356687,85772.81131984346,85981.00691603734,84806.50803822133,94295.99996073975
789.0,85415.54403794554,86000.30811418327,86209.07907256499,84994.6272319885,94695.99996045756
790.0,85668.5911492393,86228.02366423773,86437.36816824118,85182.7504255821,95032.9999602198
791.0,85922.3397467015,86455.95596831769,86665.8721859477,85370.87651158679,95365.99995998485
792.0,86176.79177496156,86684.10301651205,86894.58910032445,85559.00438520996,95708.99995974287
793.0,86431.94918403971,86912.4627907522,87123.51687783486,85747.13294429483,96067.99995948959
794.0,86687.81392936179,87141.03326487701,87352.65347683152,85935.26108933355,96427.9999592356
795.0,86944.38797177457,87369.81240469852,87581.99684762282,86123.38772347987,96767.99995899573
796.0,87201.67327756055,87598.79816806823,87811.54493253998,86311.51175256212,97067.99995878407
797.0,87459.67181845296,87827.98850494409,88041.29566600478,86499.6320850956,97360.99995857738
798.0,87718.38557165109,88057.38135745804,88271.24697459805,86687.74763229507,97641.99995837912
799.0,87977.81651983534,88286.97465998407,88501.39677712861,86875.85730808706,97897.9999581985
800.0,88237.96665118233,88516.76633920727,88731.74298470299,87063.96002912208,98153.99995801788
801.0,88498.8379593803,88746.75431419301,88962.28350079565,87252.05471478666,98405.99995784012
802.0,88760.43244364425,88976.93649645711,89193.01622131979,87440.14028721508,98562.99995772933
803.0,89022.7521087314,89207.31079003638,89423.93903469898,87628.21567130132,98736.99995760659
804.0,89285.79896495634,89437.87509155992,89655.04982193922,87816.27979471059,98917.99995747888
805.0,89549.57502820661,89668.62729032089,89886.34645670155,88004.3315878908,99115.9999573392
806.0,89814.08231995824,89899.56526834893,90117.82680537541,88192.369984084,99287.99995721786
807.0,90079.3228672909,90130.68690048318,90349.4887271526,88380.39391933738,99487.99995707675
808.0,90345.29870290376,90361.99005444585,90581.33007410163,88568.40233251461,99670.99995694765
809.0,90612.011865131,90593.47259091635,90813.34869124282,88756.39416530658,99861.9999568129
810.0,90879.4643979572,90825.13236360606,91045.542416624,88944.36836224234,100004.999956712
811.0,91147.65835103336,91056.9672193336,91277.90908139659,89132.32387069966,100152.99995660759
812.0,91416.59577969238,91288.97499810066,91510.44650989256,89320.25964091564,100265.99995652787
813.0,91686.27874496482,91521.15353316846,91743.15251970153,89508.17462599707,100370.9999564538
814.0,91956.70931359477,91753.50065113461,91976.02492174885,89696.06778193077,100499.99995636276
815.0,92227.88955805573,91986.01417201072,92209.06152037396,89883.93806759364,100619.9999562781
816.0,92499.82155656624,92218.69190930043,92442.26011340939,90071.78444476274,100722.99995620546
817.0,92772.50739310618,92451.5316700778,92675.6184922603,90259.60587812513,100834.99995612644
818.0,93045.94915743242,92684.53125506673,92909.13444198441,90447.40133528762,100960.99995603754
819.0,93320.14894509508,92917.6884587203,93142.80574137281,90635.16978678638,101055.99995597052
820.0,93595.1088574533,93151.00106930101,93376.63016303092,90822.91020609651,101157.99995589856
821.0,93870.8310016917,93384.46686896146,93610.6054734601,91010.62156964118,101214.99995585834
822.0,94147.31749083624,93618.0836338255,93844.7294331398,91198.3028568011,101281.99995581109
823.0,94424.57044377053,93851.84913406981,94078.99979661027,91385.9530499235,101372.99995574688
824.0,94702.59198525205,94085.76113400607,94313.41431255559,91573.57113433102,101480.99995567068
825.0,94981.38424592852,94319.81739216365,94547.9707238873,91761.15609833074,101578.99995560154
826.0,95260.94936235402,94554.01566137266,94782.6667678286,91948.70693322274,101658.9999555451
827.0,95541.28947700559,94788.35368884752,95017.50017599884,92136.2226333087,101745.99995548371
828.0,95822.40673829956,95022.82921627109,95252.46867449857,92323.70219590046,101841.99995541791
829.0,96104.30330060788,95257.43997987905,95487.56998399517,92511.1446213282,101890.9999553795
830.0,96386.98132427488,95492.18371054501,95722.8018198087,92698.54891294878,101953.99995533697
831.0,96670.44297563368,95727.05813386576,95958.16189199837,92885.91407715378,102042.99995529755
832.0,96954.69042702284,95962.06097024732,96193.6479054495,93073.23912337735,102090.99995525849
833.0,97239.72585680283,96197.18993499107,96429.25755996074,93260.52306410427,102132.9999552149
834.0,97525.55144937309,96432.44273838047,96664.98855033181,93447.76491487742,102151.99995517776
835.0,97812.16939518844,96667.8170857683,96900.83856645176,93634.9636943055,102200.99995513653
836.0,98099.58189077591,96903.31067766417,97136.80529338749,93822.11842407042,102288.99995510063
837.0,98387.79113875183,97138.92120982237,97372.88641147278,94009.22812893472,102374.99995503997
838.0,98676.79934783842,97374.6463733304,97609.07959639763,94196.2918367487,102442.99995499199
839.0,98966.60873288078,97610.4838546976,97845.38251929817,94383.30857845758,102502.99995494966
840.0,99257.221514864,97846.43133594435,98081.79284684679,94570.27738810844,102568.99995490308
841.0,99548.63992093006,98082.4864946915,98318.30824134267,94757.19730285706,102634.99995485652
842.0,99840.86618439488,98318.64700425041,98554.92636080283,94944.06736297475,102694.9999548142
843.0,100133.90254476551,98554.91053371303,98791.64485905331,95130.88661185474,102760.99995476764
844.0,100427.75124775732,98791.27474804262,99028.46138582099,95317.65409601894,102865.99995469356
845.0,100722.41454531111,99027.73730816465,99265.37358682547,95504.36886512417,102957.99995462864
846.0,101017.89469561035,99264.29587105817,99502.37910387157,95691.02997196843,103027.99995457925
847.0,101314.19396309862,99500.94808984738,99739.47557494197,95877.63647249702,103084.99995453905
848.0,101611.31461849694,99737.69161389362,99976.6606342903,96064.18742580869,103165.99995448189
849.0,101909.25893882095,99974.52408888763,100213.9319125343,96250.68189416135,103260.99995441487
850.0,102208.0292073987,100211.44315694223,100451.28703674985,96437.11894297799,103354.99995434855
851.0,102507.62771388798,100448.4464566851,100688.72363056467,96623.49764085234,103435.99995429144
852.0,102808.0567542937,100685.53162335204,100926.23931425267,96809.81705955447,103509.9999542392
853.0,103109.31863098584,100922.69628888047,101163.83170482854,96996.07627403605,103610.99995416796
854.0,103411.41565271688,101159.93808200324,101401.49841614264,97182.27436243591,103695.99995410797
855.0,103714.35013463939,101397.25462834245,101639.23705897601,97368.41040608511,103779.9999540487
856.0,104018.12439832403,101634.64355050407,101877.04524113589,97554.48348951212,103824.99995401698
857.0,104322.7407717772,101872.10246817234,102114.92056755134,97740.49270044774,103895.9999539669
858.0,104628.20158945891,102109.62899820457,102352.8606403691,97926.43712983005,103985.99995390339
859.0,104934.50919230058,102347.22075472618,102590.86305904972,98112.31587180916,104056.9999538533
860.0,105241.66592772311,102584.87534922619,102828.92542046412,98298.1280237518,104113.9999538131
861.0,105549.67414965488,102822.59039065243,103067.04531898999,98483.87268624596,104171.99995377216
862.0,105858.53621854958,103060.36348550752,103305.2203466086,98669.5489631053,104283.99995369313
863.0,106168.25450140455,103298.19223794476,103543.4480930021,98855.15596137344,104393.99995361554
864.0,106478.83137177888,103536.07424986425,103781.72614565051,99040.69279132821,104449.99995357603
865.0,106790.26920981135,103774.0071210091,104020.05208992923,99226.15856648571,104517.99995352805
866.0,107102.57040223898,104011.98844906226,104258.42350920668,99411.55240360445,104626.99995345116
867.0,107415.73734241526,104250.01582974296,104496.83798494207,99596.87342268904,104726.99995338061
868.0,107729.77243032826,104488.08685690373,104735.29309678338,99782.12074699413,104781.9999533418
869.0,108044.6780726193,104726.19912262728,104973.78642266543,99967.29350302802,104854.99995329029
870.0,108360.45668260127,104964.3502173239,105212.31553890825,100152.39082055636,104941.99995322892
871.0,108677.11068027724,105202.5377298286,105450.87802031542,100337.4118326054,105032.99995316472
872.0,108994.64249235865,105440.75924749872,105689.47144027262,100522.35567546553,105150.99995308145
873.0,109313.05455228439,105679.01235631136,105928.09337084637,100707.22148869447,105212.99995303772
874.0,109632.34930023919,105917.29464096123,106166.74138288277,100892.00841512046,105254.9999530081
875.0,109952.52918317224,106155.60368495846,106405.41304610645,101076.71560084529,105305.9999529721
876.0,110273.59665481618,106393.93707072642,106644.10592921947,101261.34219524727,105361.9999529326
877.0,110595.55417570578,106632.29237969988,106882.8176000006,101445.88735098409,105417.9999528931
878.0,110918.40421319663,106870.66719242296,107121.54562540434,101630.35022399551,105458.99995286416
879.0,111242.14924148441,107109.05908864748,107360.28757166021,101814.72997350608,105498.99995283595
880.0,111566.79174162363,107347.46564743106,107599.04100437213,101999.02576202767,105549.99995279996
881.0,111892.33420154652,107585.8844472355,107837.80348861782,102183.23675536184,105599.99995276469
882.0,112218.7791160824,107824.31306602513,108076.57258904802,102367.36212260231,105644.99995273295
883.0,112546.1289869766,108062.7490813652,108315.34586998625,102551.40103613715,105701.99995269414
884.0,112874.38632290975,108301.19007052043,108554.12089552807,102735.35267165091,105737.99995266591
885.0,113203.55363951671,108539.63361055321,108792.89522964077,102919.2162081267,105769.99995265399
886.0,113533.63345940634,108778.07727842235,109031.66643626279,103102.99082784816,105781.99995262701
